1488379947,HARDING,Lynn,315,Second,Spring Field,New Cicily
-160168502,GOOD,Janice,18832,Lehua,Spring Field,New Cicily
1079316695,GRIFFIN,Lynn,24570,Holly,Spring Field,New Cicily
-13262475,COOPER,Gabriel,12402,Apache,Spring Field,New Cicily
-543467611,BEARD,Melissa,1347,Park,Spring Field,New Cicily
-2050748112,LEVINE,Ana,4812,Mesquite,Spring Field,New Cicily
600539749,YANG,Travis,21572,Holly,Spring Field,New Cicily
2004620491,MCCLAIN,Maureen,3062,Pioneer,Spring Field,New Cicily
1986807670,RICHARD,June,7909,Ninth,Spring Field,New Cicily
1709728757,GONZALEZ,Miranda,19480,Tenth,Spring Field,New Cicily
149332793,PERRY,Levi,18981,Walnut,Spring Field,New Cicily
65439718,BOYER,Ana,328,Seventh,Spring Field,New Cicily
1678061515,BUCHANAN,Terry,2701,Tenth,Spring Field,New Cicily
197701398,TAPIA,Alexander,12815,Malulani,Spring Field,New Cicily
4831123,RIOS,Jon,21353,Hampton,Spring Field,New Cicily
-430992904,HOWELL,Sabrina,9963,Sycamore,Spring Field,New Cicily
-1502918912,MELENDEZ,Michele,8994,Ninth,Spring Field,New Cicily
190505117,HOBBS,Tamara,14322,Malulani,Spring Field,New Cicily
-2074016455,CHAN,Jimmy,902,S 100,Spring Field,New Cicily
600602572,WEAVER,Norma,26320,Juniper,Spring Field,New Cicily
-2063670059,PATRICK,Micah,20607,Airport,Spring Field,New Cicily
-611680077,DURAN,Nathaniel,8767,River,Spring Field,New Cicily
1061909248,STEELE,Monica,3827,Eleventh,Spring Field,New Cicily
744473665,WALKER,Stacy,7052,Airport,Spring Field,New Cicily
953260317,DRAKE,Josephine,27453,Aspen,Spring Field,New Cicily
-1646441004,SANFORD,Chad,23570,Hampton,Spring Field,New Cicily
-1659002803,MYERS,Vicki,8412,Cedar,Spring Field,New Cicily
189743683,DAVILA,Shane,4549,Jackson,Spring Field,New Cicily
-1780517265,DUNCAN,Veronica,15532,Apache,Spring Field,New Cicily
1168025973,GEORGE,Phyllis,10922,Cedar,Spring Field,New Cicily
203803031,MULLEN,Gabriela,24301,Cottonwood,Spring Field,New Cicily
-119915162,COSTA,Nicholas,10321,Broadway,Spring Field,New Cicily
-2036721911,JOSEPH,Bill,10944,Elm,Spring Field,New Cicily
140465051,EVANS,Mary,24617,Cherry,Spring Field,New Cicily
-1357330027,TATE,Valerie,27659,Sycamore,Spring Field,New Cicily
63128179,RAY,Abby,9741,Williams,Spring Field,New Cicily
-1924909028,PAUL,Hayden,9713,West,Spring Field,New Cicily
-932692809,FARRELL,Shelia,23757,Spruce,Spring Field,New Cicily
1399407243,CLEMENTS,Nicholas,16993,Navajo,Spring Field,New Cicily
1965978257,ELLIOTT,Wesley,7502,Walnut,Spring Field,New Cicily
-830623275,SANTANA,Delaney,22196,Navajo,Spring Field,New Cicily
-1216047421,EWING,Willie,12532,First,Spring Field,New Cicily
877616496,CAREY,Tyrone,26764,Lehua,Spring Field,New Cicily
-1684752877,BOYD,Meghan,26398,Wood,Spring Field,New Cicily
1795155923,BLAIR,Leslie,20009,Smith,Spring Field,New Cicily
-1779267597,TODD,Traci,22501,Broadway,Spring Field,New Cicily
2106334050,EVANS,David,28144,Canyon,Spring Field,New Cicily
-166854637,INGRAM,Allen,11459,Quail,Spring Field,New Cicily
-6042827,LEVINE,Diana,19792,Ridge,Spring Field,New Cicily
419960552,SCHULTZ,Emily,17135,Narragansett,Spring Field,New Cicily
1652359610,KRAUSE,Shelia,18253,Sycamore,Spring Field,New Cicily
239768063,FLETCHER,Carla,7776,Spruce,Spring Field,New Cicily
-120527840,DOYLE,Caitlin,17470,Ridge,Spring Field,New Cicily
1349097531,BENDER,Melissa,2615,Cedar,Spring Field,New Cicily
-1983524788,MURILLO,Ernest,25586,Lee,Spring Field,New Cicily
-1015508583,BENTLEY,Walter,5237,Mountain View,Spring Field,New Cicily
274117236,LONG,Gregory,11693,Apache,Spring Field,New Cicily
740076611,BERNARD,Teresa,267,Seventh,Spring Field,New Cicily
1066358885,SUAREZ,Morgan,11570,Hickory,Spring Field,New Cicily
1336137738,GRIFFITH,Johnny,3209,Pecan,Spring Field,New Cicily
-311627012,CONWAY,Billy,563,Meadow,Spring Field,New Cicily
-1630158882,MCKENZIE,Jimmie,14536,Meadow,Spring Field,New Cicily
69896868,GILES,Bob,27618,Hillside,Spring Field,New Cicily
1621992416,KELLEY,Jasmine,8636,Tenth,Spring Field,New Cicily
141715648,DURAN,Omar,23931,S 100,Spring Field,New Cicily
1839413823,EVERETT,Tanya,3242,Mountain View,Spring Field,New Cicily
-1473171648,BENTLEY,Naomi,8874,Second,Spring Field,New Cicily
-1385706110,MCCARTY,Patrick,18542,Center,Spring Field,New Cicily
727616233,WARREN,Sarah,10185,Lakeview,Spring Field,New Cicily
312298128,STONE,Johnny,26824,Fifth,Spring Field,New Cicily
2113501245,IRWIN,Derek,11949,Columbine,Spring Field,New Cicily
-1249580461,BLACKWELL,Lawrence,33,Birch,Spring Field,New Cicily
1966479008,HOLT,Alvin,8304,Smith,Spring Field,New Cicily
665645212,CARROLL,Melinda,21589,Sunset,Spring Field,New Cicily
137194205,EATON,Jeff,25913,Dogwood,Spring Field,New Cicily
-405039659,RODGERS,Brandy,11795,Palo Verde,Spring Field,New Cicily
-1997363550,MAY,Mario,12037,Aloha,Spring Field,New Cicily
-907535886,BURKE,Yesenia,26404,County Line,Spring Field,New Cicily
-2136300380,MAYER,Caroline,15902,Apache,Spring Field,New Cicily
1020562186,BARR,Autumn,29458,Thirteenth,Spring Field,New Cicily
1358598980,STRICKLAND,Jeanette,14337,Bay,Spring Field,New Cicily
-159267406,FINLEY,Dylan,10678,Jackson,Spring Field,New Cicily
-1973159489,GARCIA,Joanna,18309,Wood,Spring Field,New Cicily
-1083285998,OCONNELL,Jonathan,14209,Lincoln,Spring Field,New Cicily
134981797,GLENN,Emma,18322,Eighth,Spring Field,New Cicily
870421624,FROST,Andrew,7976,Cypress,Spring Field,New Cicily
81099345,ROBLES,Clarence,13877,Lakeview,Spring Field,New Cicily
-1920174102,WALSH,Timothy,294,Sunset,Spring Field,New Cicily
1764451932,RANDALL,Gary,28999,Pinon,Spring Field,New Cicily
-2128017218,COHEN,Natalie,12579,Wood,Spring Field,New Cicily
-2050561895,LEVINE,Guy,4016,Navajo,Spring Field,New Cicily
70313689,GREEN,Guy,4187,Tenth,Spring Field,New Cicily
705156856,BRADFORD,Jessie,14321,Evergreen,Spring Field,New Cicily
-772644968,BRIGHT,Billie,1377,Juniper,Spring Field,New Cicily
141317650,PETTY,Cory,24456,Lakeview,Spring Field,New Cicily
-297233447,MERCER,Sabrina,2299,Lee,Spring Field,New Cicily
154226385,WEISS,John,18174,Lincoln,Spring Field,New Cicily
1556509130,AYERS,Stephen,3586,Holly,Spring Field,New Cicily
-964413979,RANDOLPH,Maria,26521,Cedar,Spring Field,New Cicily
-1840152171,GILES,Penny,2214,Thirteenth,Spring Field,New Cicily
81751293,ODOM,Ruth,22752,Pioneer,Spring Field,New Cicily
1742018441,GILLESPIE,Bernard,26026,Pine,Spring Field,New Cicily
61509709,VALENZUELA,Jacqueline,4577,River,Spring Field,New Cicily
1289403138,SHERMAN,Richard,22373,Tenth,Spring Field,New Cicily
-565626051,MERCADO,Duane,13638,Wilson,Spring Field,New Cicily
-1860966980,PIERCE,Mark,13574,Laurel,Spring Field,New Cicily
-99045278,LUNA,Gabriella,16838,Malulani,Spring Field,New Cicily
1944539000,AUSTIN,Sue,27613,Pioneer,Spring Field,New Cicily
-538998350,HOLDER,Lauren,25694,Fourth,Spring Field,New Cicily
-137683564,MEYER,Edward,24326,Sixth,Spring Field,New Cicily
952366323,PENA,Ashlee,20209,River,Spring Field,New Cicily
-1273013259,BONILLA,Karen,21808,Elm,Spring Field,New Cicily
-1978044140,MAYER,Kelly,16342,Lee,Spring Field,New Cicily
-736875048,BECKER,Catherine,15150,Wilson,Spring Field,New Cicily
-1966725271,HALL,Nancy,18528,Wood,Spring Field,New Cicily
1530048061,HOLDEN,Melissa,3656,Park,Spring Field,New Cicily
1511599109,FRANKLIN,Cristian,16714,Lake,Spring Field,New Cicily
2083985179,ALI,Erick,23043,Spruce,Spring Field,New Cicily
-326211052,AGUILAR,Eva,13473,Cottonwood,Spring Field,New Cicily
-1026362806,PETERSEN,Bruce,27533,Cedar,Spring Field,New Cicily
-2077087910,FULLER,Taylor,6770,Airport,Spring Field,New Cicily
74507028,TRAN,Juan,27313,Oak,Spring Field,New Cicily
-2052462009,WARE,Kaden,3867,Kukui,Spring Field,New Cicily
-1471069557,MAYER,Regina,19402,Lakeview,Spring Field,New Cicily
1964660584,RAY,Amber,18784,Meadow,Spring Field,New Cicily
489105119,MORRIS,Marsha,24487,Palo Verde,Spring Field,New Cicily
1436424144,DUNLAP,Jasmine,10899,Delaware,Spring Field,New Cicily
1701903600,MAHONEY,Brendan,15252,Bay,Spring Field,New Cicily
79054553,FREY,Paul,28598,Aspen,Spring Field,New Cicily
144697762,HURLEY,Malik,9221,Malulani,Spring Field,New Cicily
1661055042,COCHRAN,Amy,14505,Pioneer,Spring Field,New Cicily
1969875507,BOYD,April,27802,Canyon,Spring Field,New Cicily
-1614246916,MACIAS,Jeremiah,15178,Hillside,Spring Field,New Cicily
136477206,MASON,Alec,18947,Hickory,Spring Field,New Cicily
-22252681,COLEMAN,Wyatt,12078,Meadow,Spring Field,New Cicily
-2019112016,ALLEN,Gabriela,19735,West,Spring Field,New Cicily
454254146,MORRIS,Sarah,12894,Sycamore,Spring Field,New Cicily
-632459324,MCCLAIN,Dylan,6785,Jackson,Spring Field,New Cicily
-430343608,POTTER,Abigail,16496,Eighth,Spring Field,New Cicily
1327475499,CABRERA,Hope,24020,Lehua,Spring Field,New Cicily
233712853,SKINNER,Emmanuel,11192,West,Spring Field,New Cicily
-1330634317,GILMORE,Calvin,13791,Kukui,Spring Field,New Cicily
-1710738491,COWAN,Tyler,25388,Maple,Spring Field,New Cicily
-1672550180,WATSON,Greg,25363,Wood,Spring Field,New Cicily
-83827157,PECK,Brittany,19900,Pleasant,Spring Field,New Cicily
970900666,LANDRY,Cheyenne,3413,Washington,Spring Field,New Cicily
-1698498334,ROCHA,Claude,29735,Kukui,Spring Field,New Cicily
-1389873107,MALONE,Raymond,13636,Mesquite,Spring Field,New Cicily
-1207376492,JOSEPH,Delores,19709,A,Spring Field,New Cicily
864226108,STANLEY,Derek,24501,Pine,Spring Field,New Cicily
-2014531525,HODGE,Janis,24623,Palo Verde,Spring Field,New Cicily
1109773541,MARTINEZ,Joel,26634,Cypress,Spring Field,New Cicily
-2079664861,KELLEY,Ava,17627,Evergreen,Spring Field,New Cicily
272493550,FOWLER,Susan,21534,Lincoln,Spring Field,New Cicily
633728994,MALDONADO,Joe,20051,Twelfth,Spring Field,New Cicily
1448121062,BELL,Bertha,18493,Lincoln,Spring Field,New Cicily
-882507705,NIELSEN,Alison,25143,Pinon,Spring Field,New Cicily
-1629705281,AVILA,Meagan,20688,Oak,Spring Field,New Cicily
4764238,MORA,Max,5902,Lincoln,Spring Field,New Cicily
-1413058118,FRYE,Victoria,27317,Pinon,Spring Field,New Cicily
-570249427,RYAN,Sheena,8078,Lakeview,Spring Field,New Cicily
-1143117321,KRAMER,Arnold,13689,Kansas,Spring Field,New Cicily
-2029675203,ROMERO,Jasmin,25588,Eighth,Spring Field,New Cicily
152088408,RIGGS,Marc,27681,Oak,Spring Field,New Cicily
-1122553984,MERCADO,Charles,20637,Hampton,Spring Field,New Cicily
-1939688676,MILLS,Louis,16962,Tenth,Spring Field,New Cicily
-1409110519,JEFFERSON,Colleen,8394,Pine,Spring Field,New Cicily
1031414482,BURNETT,Marc,26812,Kahili,Spring Field,New Cicily
-127714590,VILLEGAS,Brian,11961,A,Spring Field,New Cicily
2138860785,SCHAEFER,Duane,5576,Johnson,Spring Field,New Cicily
2081382900,CLAY,Emily,4431,Evergreen,Spring Field,New Cicily
764507668,BUCHANAN,Gerard,7248,S 400,Spring Field,New Cicily
1593510706,JOHNSTON,Katie,18228,Broadway,Spring Field,New Cicily
1788733644,ROWE,Gloria,12334,Sixth,Spring Field,New Cicily
-284461502,DECKER,Brett,5607,Pioneer,Spring Field,New Cicily
66540679,LYNN,Bill,16150,Washington,Spring Field,New Cicily
-704765343,GLASS,Rebekah,27605,N 400,Spring Field,New Cicily
-696115743,ROBERTSON,Albert,16360,Delaware,Spring Field,New Cicily
1765313269,CLEMENTS,Ernest,262,Williams,Spring Field,New Cicily
-228215683,WALLACE,Julie,7798,Second,Spring Field,New Cicily
-1757399871,BELTRAN,Devon,5494,Columbine,Spring Field,New Cicily
-2032883587,SCHWARTZ,Adrienne,11402,Delaware,Spring Field,New Cicily
927327198,GOODWIN,Jay,1630,Navajo,Spring Field,New Cicily
2081152208,WADE,Theodore,29575,S 100,Spring Field,New Cicily
-2107704620,HARMON,Anna,11002,West,Spring Field,New Cicily
-1996118415,HOGAN,Julie,480,Lincoln,Spring Field,New Cicily
-1748218850,THOMAS,Kyle,363,Kahili,Spring Field,New Cicily
-1080182779,SPARKS,Clayton,9541,Cherry,Spring Field,New Cicily
-461603692,ZUNIGA,Kathryn,26723,Washington,Spring Field,New Cicily
140598042,FROST,Lisa,20808,Wood,Spring Field,New Cicily
-1113511997,SILVA,Daniel,29075,Juniper,Spring Field,New Cicily
-2012423665,FROST,Jesus,29842,Juniper,Spring Field,New Cicily
2132474772,HEBERT,Elijah,8117,Aspen,Spring Field,New Cicily
217521458,CHANDLER,Maria,14715,Quail,Spring Field,New Cicily
-1959472367,MEJIA,Kylie,6100,Birch,Spring Field,New Cicily
751015639,SAVAGE,Barbara,26715,S 100,Spring Field,New Cicily
334307086,RIVERS,Jared,47,Meadow,Spring Field,New Cicily
-760265590,MACDONALD,Megan,632,Spruce,Spring Field,New Cicily
1005728972,CLAY,Audrey,10585,Eleventh,Spring Field,New Cicily
53434144,HOWARD,James,29396,Cottonwood,Spring Field,New Cicily
339810793,MCCARTY,Rodney,25794,Cedar,Spring Field,New Cicily
-1413007581,HILL,Victoria,25859,Eleventh,Spring Field,New Cicily
-2065624534,ALEXANDER,Alicia,21686,Kukui,Spring Field,New Cicily
-797079216,ERICKSON,Gerard,3612,Second,Spring Field,New Cicily
1396996535,HEBERT,Charlotte,13697,Ridge,Spring Field,New Cicily
-1597951252,HIGGINS,Philip,17221,S 100,Spring Field,New Cicily
-2142134765,HOBBS,Erica,29952,North,Spring Field,New Cicily
-1748057525,YODER,Hector,19656,Lehua,Spring Field,New Cicily
149448424,PEREZ,Lisa,9467,Juniper,Spring Field,New Cicily
916884906,WONG,Cassandra,18198,Hampton,Spring Field,New Cicily
2055704044,CAMPOS,Neil,19877,Sycamore,Spring Field,New Cicily
66627125,COSTA,Joe,18903,Pinon,Spring Field,New Cicily
-1730901847,ESTES,Tammy,9903,Lake,Spring Field,New Cicily
-1986131909,HANEY,Kathy,6639,Navajo,Spring Field,New Cicily
-1817244666,PAUL,Shawn,13886,Hemlock,Spring Field,New Cicily
-1291858688,MOYER,Virginia,5656,Ninth,Spring Field,New Cicily
-359915018,HILL,Sophia,24712,First,Spring Field,New Cicily
771807498,KEY,Amanda,8803,Narragansett,Spring Field,New Cicily
672650820,DURAN,Deborah,13233,Main,Spring Field,New Cicily
1363452078,HODGES,Rebecca,12427,Laurel,Spring Field,New Cicily
-201888821,DALTON,Erica,28413,Meadow,Spring Field,New Cicily
1598443284,PINEDA,Adriana,12575,Pinon,Spring Field,New Cicily
727608898,HAMMOND,Shannon,5760,Maple,Spring Field,New Cicily
1966497875,SHAH,Allen,24799,Lincoln,Spring Field,New Cicily
-2014654096,CHRISTENSEN,Kyle,13790,Canyon,Spring Field,New Cicily
-1107604177,BALDWIN,Richard,18240,Second,Spring Field,New Cicily
-1487362968,THOMAS,Gwendolyn,11367,Ridge,Spring Field,New Cicily
836296998,SCHNEIDER,Kiara,16922,Eleventh,Spring Field,New Cicily
744776828,HERMAN,Latasha,107,Johnson,Spring Field,New Cicily
-1770231430,HANSON,Judith,12822,Park,Spring Field,New Cicily
1689028262,OCHOA,Michelle,24156,Delaware,Spring Field,New Cicily
-1323636697,BENITEZ,Herman,13166,Apache,Spring Field,New Cicily
-533227060,CABRERA,Martin,14515,Eighth,Spring Field,New Cicily
-1591610991,ZAVALA,Beth,19659,Quail,Spring Field,New Cicily
-157888594,GRIMES,Craig,22113,Cedar,Spring Field,New Cicily
-355542387,COHEN,Anthony,4065,Narragansett,Spring Field,New Cicily
215868052,MATHIS,Kelly,18285,Aloha,Spring Field,New Cicily
83280735,PUGH,Tina,13264,County Line,Spring Field,New Cicily
-1739053616,BARRETT,Johnathan,23045,Cherry,Spring Field,New Cicily
937167554,OCONNELL,Dianne,11329,Sunset,Spring Field,New Cicily
-54430290,HARPER,Vickie,26774,Malulani,Spring Field,New Cicily
-623299827,PAYNE,Fernando,25734,Cottonwood,Spring Field,New Cicily
938357669,JONES,Yvonne,14385,Lehua,Spring Field,New Cicily
-271002760,ARCHER,Kathleen,9218,Columbine,Spring Field,New Cicily
387756056,MARSH,Randall,11471,Malulani,Spring Field,New Cicily
1658126283,MEADOWS,Ida,26239,Elm,Spring Field,New Cicily
153181268,VANCE,Joan,25374,Walnut,Spring Field,New Cicily
-567048478,WILLIAMS,Nicholas,25128,Meadow,Spring Field,New Cicily
752816040,FORD,Alison,23051,N 400,Spring Field,New Cicily
65660428,KOCH,Alex,17269,Maple,Spring Field,New Cicily
961186287,FIGUEROA,Russell,9078,Lee,Spring Field,New Cicily
1150031223,FRANKLIN,Casey,28834,Center,Spring Field,New Cicily
-2086077217,MILES,Glenn,22495,Park,Spring Field,New Cicily
-1315012273,KNIGHT,Claudia,15926,Lakeview,Spring Field,New Cicily
2143908617,PARSONS,Jimmy,11183,Washington,Spring Field,New Cicily
1176445230,ROCHA,Destiny,11077,Kukui,Spring Field,New Cicily
218403480,RHODES,Faith,22891,Thirteenth,Spring Field,New Cicily
1542647313,CALLAHAN,Arthur,9779,Narragansett,Spring Field,New Cicily
-1932027403,DURAN,Marie,12845,Hampton,Spring Field,New Cicily
1605133908,MANN,Catherine,6125,Pioneer,Spring Field,New Cicily
-1760463727,PENNINGTON,Dale,4670,Pinon,Spring Field,New Cicily
1988031635,ANTHONY,Victor,9040,Spruce,Spring Field,New Cicily
815419642,SCHROEDER,Natalie,9640,Holly,Spring Field,New Cicily
-936868340,CANNON,Stanley,17985,Thirteenth,Spring Field,New Cicily
136889382,MORAN,Alan,22950,Birch,Spring Field,New Cicily
342437782,FUENTES,Breanna,19581,Seventh,Spring Field,New Cicily
486582925,MORGAN,Terri,5903,Cypress,Spring Field,New Cicily
1598738724,HENDRIX,Lisa,3349,Delaware,Spring Field,New Cicily
-1577111383,LONG,Francis,16499,Birch,Spring Field,New Cicily
2101328694,WALTERS,Kenneth,17716,Redwood,Spring Field,New Cicily
-342456507,ORTEGA,Landon,12887,Church,Spring Field,New Cicily
896357577,SWEENEY,Betty,17400,Cedar,Spring Field,New Cicily
2042511170,VEGA,Daryl,9572,Hillside,Spring Field,New Cicily
147324075,MORAN,Luis,24420,North,Spring Field,New Cicily
-1330608478,FRY,Jessica,493,Wood,Spring Field,New Cicily
162183089,DENNIS,Renee,27449,Canyon,Spring Field,New Cicily
2077723498,ANDERSEN,Kathy,7217,Quail,Spring Field,New Cicily
399489628,OLSEN,Thomas,17623,River,Spring Field,New Cicily
81377042,BRAY,Ruth,27233,Bay,Spring Field,New Cicily
315940927,RAYMOND,Morgan,5787,Hickory,Spring Field,New Cicily
2140116796,LOVE,Christopher,2056,Meadow,Spring Field,New Cicily
2056888064,COOLEY,Alex,5780,Twelfth,Spring Field,New Cicily
-526964648,HUTCHINSON,Jesse,5214,Johnson,Spring Field,New Cicily
1908746970,WALLACE,Judy,19049,Orchard,Spring Field,New Cicily
-1976199362,SHEPHERD,Holly,13024,Kansas,Spring Field,New Cicily
-718708282,HARRINGTON,Heather,27762,Williams,Spring Field,New Cicily
-570744783,BERG,Sheena,5329,Hillside,Spring Field,New Cicily
-1618713626,RIDDLE,Bridget,4286,Canyon,Spring Field,New Cicily
-548011689,COMPTON,Ellen,21185,S 100,Spring Field,New Cicily
96637899,TOWNSEND,Dana,29915,Ridge,Spring Field,New Cicily
452289249,OCHOA,Matthew,23325,S 400,Spring Field,New Cicily
331175686,COPELAND,Kate,20717,Evergreen,Spring Field,New Cicily
-648288522,MCBRIDE,Diana,17458,Twelfth,Spring Field,New Cicily
-2120564381,GIBSON,Karl,8868,Broadway,Spring Field,New Cicily
-1913752658,FARLEY,Randall,21374,West,Spring Field,New Cicily
2018473245,VAUGHAN,Zachary,27743,Bay,Spring Field,New Cicily
1138886372,ODONNELL,Paulette,1758,Pinon,Spring Field,New Cicily
-21598686,JOSEPH,Emily,18238,Shore,Spring Field,New Cicily
-1857164755,POTTER,Judy,13314,Kahili,Spring Field,New Cicily
-2016148578,WADE,Linda,19659,Lee,Spring Field,New Cicily
2043918243,RUSSO,Andre,25789,Church,Spring Field,New Cicily
2112324461,WU,Frank,11130,Delaware,Spring Field,New Cicily
-2077435993,KNOX,Jenna,7296,Apache,Spring Field,New Cicily
-979036831,BRIDGES,Robin,16160,Eighth,Spring Field,New Cicily
-665855682,HAMPTON,Jimmy,4196,Sixth,Spring Field,New Cicily
-146571117,KAUFMAN,Gary,18622,Meadow,Spring Field,New Cicily
-1818059860,REILLY,Alan,4987,Oak,Spring Field,New Cicily
-753989293,CHARLES,Erika,21427,Birch,Spring Field,New Cicily
1308982795,LEE,Patrick,27649,Fifth,Spring Field,New Cicily
-1687256047,HOLT,Wyatt,542,Magnolia,Spring Field,New Cicily
-2113502116,GIBSON,Ruth,29291,Lee,Spring Field,New Cicily
-2029494627,JORDAN,Jean,13432,Sycamore,Spring Field,New Cicily
-1065034633,MCCORMICK,Susan,7490,Spruce,Spring Field,New Cicily
-1743583337,JEFFERSON,Nathan,18135,Eleventh,Spring Field,New Cicily
-1892069730,HINTON,Gregory,1,Cottonwood,Spring Field,New Cicily
2140942855,WU,Grace,28102,Redwood,Spring Field,New Cicily
-1928418979,YOUNG,Louis,21748,Ninth,Spring Field,New Cicily
1347685548,NUNEZ,Giselle,26290,Johnson,Spring Field,New Cicily
1705744186,FORD,Lorraine,28238,Second,Spring Field,New Cicily
1153859288,RHODES,Robert,17424,Kansas,Spring Field,New Cicily
-1928827612,RILEY,Gabriel,25693,Airport,Spring Field,New Cicily
-1508082600,PRESTON,Peter,15235,Palo Verde,Spring Field,New Cicily
1029237766,ROBERTSON,Sally,17659,Thirteenth,Spring Field,New Cicily
-1290940229,RAMIREZ,Patrick,16937,Fourth,Spring Field,New Cicily
141381411,HAYES,Kurt,19407,Airport,Spring Field,New Cicily
-1364381287,LAM,Hunter,20745,Quail,Spring Field,New Cicily
2120876083,GREEN,Doris,1348,Apache,Spring Field,New Cicily
-2108526218,FLEMING,Kelly,18131,Cedar,Spring Field,New Cicily
800158595,BUCK,Kristina,18254,Lehua,Spring Field,New Cicily
-1617640946,SHAFFER,Madelyn,15905,Pleasant,Spring Field,New Cicily
-35770986,ROSARIO,Henry,20988,Fourth,Spring Field,New Cicily
1151084793,ATKINSON,Sara,3374,Main,Spring Field,New Cicily
-1641104344,SAMPSON,Ivan,27535,Main,Spring Field,New Cicily
79222594,FLORES,Maria,26479,Pleasant,Spring Field,New Cicily
-482886186,RAMIREZ,Victor,7658,Elm,Spring Field,New Cicily
196344779,CAMPOS,Tonya,17185,Kansas,Spring Field,New Cicily
-1592368525,SCHMIDT,Erin,9838,Church,Spring Field,New Cicily
-2063726632,CHUNG,Holly,18807,Fourth,Spring Field,New Cicily
1420617194,WHITNEY,Melanie,2712,Juniper,Spring Field,New Cicily
-923477456,KRUEGER,Dakota,20240,Highland,Spring Field,New Cicily
-666047684,SALAZAR,Kimberly,25015,Airport,Spring Field,New Cicily
139703968,MYERS,Jimmie,27329,Twelfth,Spring Field,New Cicily
-2013401070,TRAN,Lloyd,18417,Dogwood,Spring Field,New Cicily
-2054687341,WELCH,Heidi,26432,Second,Spring Field,New Cicily
1635500631,VALENTINE,Anna,19751,Williams,Spring Field,New Cicily
2088098699,MAYO,Ethel,4014,Juniper,Spring Field,New Cicily
-2052666656,BEST,Karen,4262,Third,Spring Field,New Cicily
-1955072346,FITZPATRICK,Ryan,7015,Shore,Spring Field,New Cicily
144885584,MORAN,Jane,13367,Center,Spring Field,New Cicily
-2128000502,GARNER,Jody,17270,Pine,Spring Field,New Cicily
1901966208,COCHRAN,Joseph,26052,Juniper,Spring Field,New Cicily
-513825469,DICKERSON,Jaden,5805,Willow,Spring Field,New Cicily
1029148196,STOUT,Ashley,3025,Maple,Spring Field,New Cicily
-1208556227,CRAWFORD,Alejandro,20448,Lincoln,Spring Field,New Cicily
-1739674814,SCHAEFER,Crystal,20726,Oak,Spring Field,New Cicily
916312581,BARNES,Heather,15885,Lakeview,Spring Field,New Cicily
-1716724106,NOBLE,Margie,26406,River,Spring Field,New Cicily
-1525906020,TATE,Howard,18684,Cherry,Spring Field,New Cicily
-1334578431,CARPENTER,Hope,2443,Third,Spring Field,New Cicily
-754410997,ATKINSON,Sally,6012,Kahili,Spring Field,New Cicily
-220272866,FLOWERS,Jackie,28085,Canyon,Spring Field,New Cicily
-1446787730,MULLINS,Frederick,26546,Pioneer,Spring Field,New Cicily
-1363376097,BELL,Virginia,20685,S 400,Spring Field,New Cicily
-759543862,MORSE,Tabitha,29718,Palo Verde,Spring Field,New Cicily
1977749422,STEVENSON,Allen,22281,Kahili,Spring Field,New Cicily
-1540814540,COSTA,Samantha,4810,Navajo,Spring Field,New Cicily
-1993616184,WEBER,Jimmy,2928,First,Spring Field,New Cicily
1374308743,DUFFY,Patrick,2375,Lakeview,Spring Field,New Cicily
1359233032,JIMENEZ,Karen,29349,Cottonwood,Spring Field,New Cicily
438314314,CHANDLER,Claude,14060,Oak,Spring Field,New Cicily
-1714099954,STONE,Terri,28238,Hickory,Spring Field,New Cicily
1690146005,RICHARDS,Ruben,9648,Ridge,Spring Field,New Cicily
22939048,CLAYTON,Garrett,21710,County Line,Spring Field,New Cicily
-1546195346,CERVANTES,Patrick,13843,Redwood,Spring Field,New Cicily
657973858,DELGADO,Micheal,9927,Lehua,Spring Field,New Cicily
-1100738436,ALI,William,25197,Eighth,Spring Field,New Cicily
-2138064945,REID,Harry,4702,Jackson,Spring Field,New Cicily
126913959,BURNS,Alex,2779,Fifth,Spring Field,New Cicily
2019224439,DOYLE,Aaron,24186,Shore,Spring Field,New Cicily
798773115,ALVARADO,Joyce,14646,Twelfth,Spring Field,New Cicily
-2133408668,WYATT,Theodore,21408,Church,Spring Field,New Cicily
1983892194,SHELTON,Donald,21425,N 400,Spring Field,New Cicily
-1823944845,PENNINGTON,Joy,20357,Oak,Spring Field,New Cicily
-2080899810,SNOW,Janet,5390,Pecan,Spring Field,New Cicily
-269636850,DUARTE,Brian,14392,West,Spring Field,New Cicily
-32927898,COFFEY,Lance,20206,Orchard,Spring Field,New Cicily
-2079034969,ROMAN,Christopher,22034,West,Spring Field,New Cicily
-1183539376,BUCHANAN,Christine,21024,Fourth,Spring Field,New Cicily
950924915,BATES,Josephine,3585,Hemlock,Spring Field,New Cicily
-2065558434,BOWERS,Kenneth,1122,Hemlock,Spring Field,New Cicily
569885645,BENNETT,Mike,28943,Delaware,Spring Field,New Cicily
1422983710,VINCENT,Joshua,8908,Bay,Spring Field,New Cicily
-1839392953,KEMP,Roger,22773,Hickory,Spring Field,New Cicily
-899587442,HILL,Nathan,20950,Palo Verde,Spring Field,New Cicily
-1647424422,FROST,Jeffrey,2398,Kukui,Spring Field,New Cicily
-1928271443,NEWTON,Eric,11586,Aloha,Spring Field,New Cicily
-1304104077,FRAZIER,Victoria,2845,Aspen,Spring Field,New Cicily
-1182008556,ZHANG,Cheyenne,22159,Pioneer,Spring Field,New Cicily
-2127451381,GEORGE,Gene,15926,Lee,Spring Field,New Cicily
399417792,GRAHAM,Franklin,23186,Johnson,Spring Field,New Cicily
137690382,DRAKE,Kent,11236,Pleasant,Spring Field,New Cicily
-1993315725,LANDRY,Anna,13937,Laurel,Spring Field,New Cicily
-1767390434,NAVARRO,Ryan,24286,Narragansett,Spring Field,New Cicily
-821406530,NICHOLS,Tyrone,25878,Aloha,Spring Field,New Cicily
-1956000219,DAY,Nolan,27622,Holly,Spring Field,New Cicily
665031285,STRONG,Marcus,10205,Highland,Spring Field,New Cicily
2040793122,HERMAN,Sydney,17933,Pecan,Spring Field,New Cicily
383030732,COOPER,Micheal,14499,Lake,Spring Field,New Cicily
-1676728914,MCCLAIN,Austin,20069,Elm,Spring Field,New Cicily
-1386335926,GREENE,Kristina,18601,Ninth,Spring Field,New Cicily
-137513351,MUELLER,Daisy,15048,Kahili,Spring Field,New Cicily
4817948,HAYS,Tim,18794,Cedar,Spring Field,New Cicily
-2016428054,KELLEY,Cole,5273,Twelfth,Spring Field,New Cicily
-1954718342,DELGADO,Jose,29056,Washington,Spring Field,New Cicily
-1928934894,HALEY,Maria,23405,Fourth,Spring Field,New Cicily
1305560340,MACDONALD,Joan,26339,North,Spring Field,New Cicily
-1513449315,SHIELDS,Jim,1645,Sixth,Spring Field,New Cicily
-644688073,CLAYTON,Theodore,22750,Ridge,Spring Field,New Cicily
507617079,FORBES,Miguel,8978,Wilson,Spring Field,New Cicily
1643824972,DICKERSON,Lynn,13131,Hampton,Spring Field,New Cicily
-1004162164,WHITNEY,Geraldine,26073,Maple,Spring Field,New Cicily
-303260715,HERRING,Hector,23392,Wood,Spring Field,New Cicily
-375029759,MORALES,Alondra,28885,Hemlock,Spring Field,New Cicily
-1601127380,MURRAY,Julian,23047,Sixth,Spring Field,New Cicily
-1125251492,HATFIELD,James,27076,A,Spring Field,New Cicily
-1431009161,GUERRA,Alison,27061,Ridge,Spring Field,New Cicily
-702149028,AYERS,Sandra,23470,S 100,Spring Field,New Cicily
69185118,PITTMAN,Sydney,19947,Fifth,Spring Field,New Cicily
1763408255,CISNEROS,Randy,13132,Second,Spring Field,New Cicily
59580771,ROBBINS,Laura,12232,Second,Spring Field,New Cicily
-1823212443,MCBRIDE,Kaitlyn,9290,S 100,Spring Field,New Cicily
749365801,BURTON,Kristen,10985,Lehua,Spring Field,New Cicily
-205116248,BARRON,Christopher,19968,Birch,Spring Field,New Cicily
1115837134,WILSON,Isabelle,7042,Cottonwood,Spring Field,New Cicily
-445496042,LAWRENCE,Alexander,24012,Birch,Spring Field,New Cicily
316998054,ESTRADA,Kimberly,10317,Fifth,Spring Field,New Cicily
-1815856050,CHRISTENSEN,Gregory,23018,Holly,Spring Field,New Cicily
-1933966143,BROWN,Maria,17850,Orchard,Spring Field,New Cicily
182135383,SHEPPARD,Bradley,3476,A,Spring Field,New Cicily
-336431825,MCNEIL,Daniela,15659,Airport,Spring Field,New Cicily
152304936,SMALL,Leah,20874,S 100,Spring Field,New Cicily
-1021668836,GRANT,Deanna,18204,Johnson,Spring Field,New Cicily
1690393947,MCCONNELL,Margaret,8541,Narragansett,Spring Field,New Cicily
1915516826,WATKINS,Jada,20964,Broadway,Spring Field,New Cicily
-1718415672,MADDOX,Marilyn,19464,Lehua,Spring Field,New Cicily
1848531130,JOHNSON,Vicki,12539,County Line,Spring Field,New Cicily
-1286070594,SHEPARD,Johnny,18012,A,Spring Field,New Cicily
-1783512231,SEXTON,Gina,9434,Johnson,Spring Field,New Cicily
-1260316477,LARA,Robert,21780,Bay,Spring Field,New Cicily
-856724430,MAYNARD,Gordon,26650,Walnut,Spring Field,New Cicily
-1732447754,MORRISON,Benny,10503,County Line,Spring Field,New Cicily
604771088,GREENE,Warren,7546,Aloha,Spring Field,New Cicily
-324338489,PETERS,Michelle,20744,Fourth,Spring Field,New Cicily
-314159601,ALEXANDER,Terri,11268,S 100,Spring Field,New Cicily
4575622,HART,Leo,15070,Third,Spring Field,New Cicily
1640671811,MAYNARD,Paul,1082,Fifth,Spring Field,New Cicily
-1997028275,GOULD,Julia,20420,Lincoln,Spring Field,New Cicily
-1755418305,MERRITT,Yvonne,27244,Sycamore,Spring Field,New Cicily
926220135,BRIDGES,Anne,17347,Thirteenth,Spring Field,New Cicily
1270815028,BLAKE,Krista,14875,River,Spring Field,New Cicily
-1350756304,ROJAS,Benjamin,16519,Fifth,Spring Field,New Cicily
-1847259794,ROBINSON,Gabriela,10166,Second,Spring Field,New Cicily
-2007093603,LLOYD,Jerry,10457,Hemlock,Spring Field,New Cicily
-1787243433,CASE,Mathew,755,Pioneer,Spring Field,New Cicily
1912692629,PATRICK,Becky,2995,Wilson,Spring Field,New Cicily
-1120415286,JENNINGS,Christine,20753,Lincoln,Spring Field,New Cicily
-542986685,PATEL,Mitchell,6905,Spruce,Spring Field,New Cicily
-1191334335,CALDERON,Manuel,19679,Jackson,Spring Field,New Cicily
1892953645,TYLER,Darrell,25289,Malulani,Spring Field,New Cicily
-100063364,HAYNES,Eddie,5594,Dogwood,Spring Field,New Cicily
1681864135,PHELPS,Nathaniel,2106,Thirteenth,Spring Field,New Cicily
-538760096,HUNTER,Michelle,475,Maple,Spring Field,New Cicily
72658370,HARDIN,Kelli,2360,Kukui,Spring Field,New Cicily
2030045651,DUNLAP,Lee,4649,Ridge,Spring Field,New Cicily
-1666958210,WERNER,Ivan,1646,Cherry,Spring Field,New Cicily
192924162,FREDERICK,Helen,23860,Sixth,Spring Field,New Cicily
1976572488,AGUILAR,Misty,24678,Sycamore,Spring Field,New Cicily
-762496277,PETERS,Kathryn,14191,Kansas,Spring Field,New Cicily
80701070,ROACH,Roy,12690,Aloha,Spring Field,New Cicily
-2086629855,HOLDER,Joel,26161,Quail,Spring Field,New Cicily
1499986818,CARPENTER,Wesley,7545,N 400,Spring Field,New Cicily
2017367610,BARRON,Cole,17207,Williams,Spring Field,New Cicily
-100840186,JUAREZ,Bobby,8736,Aspen,Spring Field,New Cicily
-1809888359,RHODES,Gary,22272,Thirteenth,Spring Field,New Cicily
-2005284557,NOLAN,Jenna,23629,Center,Spring Field,New Cicily
2060817054,CABRERA,Andres,12042,Lehua,Spring Field,New Cicily
-722708619,HINES,Donnie,26266,Kansas,Spring Field,New Cicily
134719914,BATES,Jody,27785,Fourth,Spring Field,New Cicily
1961531249,BISHOP,Amy,2703,Shore,Spring Field,New Cicily
-296892295,CHURCH,Caden,243,Cedar,Spring Field,New Cicily
64909025,ALLEN,Ray,2766,Birch,Spring Field,New Cicily
954511561,WYATT,Parker,24205,S 400,Spring Field,New Cicily
-1282678828,ABBOTT,Desiree,29239,Willow,Spring Field,New Cicily
-1319338817,GOMEZ,Mikayla,9042,Evergreen,Spring Field,New Cicily
1804157001,ARMSTRONG,Lisa,28202,Center,Spring Field,New Cicily
-318771278,BOWERS,Caleb,24629,Malulani,Spring Field,New Cicily
2027561871,BENDER,Juan,21765,Columbine,Spring Field,New Cicily
1923158698,WATKINS,Rita,22113,Tenth,Spring Field,New Cicily
-1730657257,EVANS,Tasha,11771,Hampton,Spring Field,New Cicily
-1723454936,COOLEY,Alejandra,25170,Third,Spring Field,New Cicily
1248589483,HOUSTON,Shelley,24916,Cherry,Spring Field,New Cicily
1205217542,DIAZ,Lillian,24566,Navajo,Spring Field,New Cicily
13166358,WALTERS,Scott,13316,Meadow,Spring Field,New Cicily
1169359657,MATTHEWS,Marc,26797,Delaware,Spring Field,New Cicily
-297881280,DUNLAP,Ariel,6957,Wilson,Spring Field,New Cicily
-1925860666,ROMAN,Lynne,29322,Hemlock,Spring Field,New Cicily
-294610874,WHITNEY,Angel,1734,Aspen,Spring Field,New Cicily
-1301769918,LEONARD,Jared,25953,Mesquite,Spring Field,New Cicily
-1483842667,WADE,Richard,4590,A,Spring Field,New Cicily
-2078919576,GAMBLE,Clifford,2665,Pleasant,Spring Field,New Cicily
2013610937,MOON,Carla,15515,Wood,Spring Field,New Cicily
-1010755798,FLOYD,Dennis,8489,Orchard,Spring Field,New Cicily
83910109,STEPHENS,Holly,19627,Cherry,Spring Field,New Cicily
-1798456090,ROMERO,Lois,9533,Twelfth,Spring Field,New Cicily
1486288136,HARTMAN,Jade,22371,County Line,Spring Field,New Cicily
-501298390,DOMINGUEZ,Clifford,17490,Wood,Spring Field,New Cicily
2045903686,LUNA,Derek,1336,Evergreen,Spring Field,New Cicily
-70623015,PATRICK,Ray,28946,Cypress,Spring Field,New Cicily
-51175395,EVERETT,Deborah,27171,Meadow,Spring Field,New Cicily
185381591,MCNEIL,Jared,27135,Airport,Spring Field,New Cicily
266896587,VEGA,Kenneth,23608,Holly,Spring Field,New Cicily
30669429,LI,Katherine,28160,Lake,Spring Field,New Cicily
2017973490,MONTOYA,Alex,21992,Magnolia,Spring Field,New Cicily
-1810287467,TATE,Sonia,23005,North,Spring Field,New Cicily
960291418,WIGGINS,William,26681,Kukui,Spring Field,New Cicily
-1537223456,GLENN,Samantha,6928,Cherry,Spring Field,New Cicily
-899727455,CRUZ,Nathan,16224,West,Spring Field,New Cicily
1346395079,CLAYTON,Juliana,12564,Tenth,Spring Field,New Cicily
728515070,WOODWARD,Lee,22796,Mesquite,Spring Field,New Cicily
-140271029,HATFIELD,Geoffrey,21626,Spruce,Spring Field,New Cicily
671593932,ELLISON,Chelsea,9265,West,Spring Field,New Cicily
2143174420,HOLT,Grant,25877,Bay,Spring Field,New Cicily
-513408705,DICKERSON,Jared,5445,Juniper,Spring Field,New Cicily
-298913037,ACOSTA,Eddie,1441,Seventh,Spring Field,New Cicily
868732971,COOK,Pamela,27183,Magnolia,Spring Field,New Cicily
-1755289287,DURAN,Crystal,15357,Aloha,Spring Field,New Cicily
-174359353,FINLEY,Diana,18841,Palo Verde,Spring Field,New Cicily
168496394,SPEARS,Carol,14230,Cherry,Spring Field,New Cicily
71464495,WANG,Gina,26177,Park,Spring Field,New Cicily
-1385034447,VASQUEZ,Aaron,1373,Pioneer,Spring Field,New Cicily
1465229159,BEASLEY,Clinton,28745,Airport,Spring Field,New Cicily
440851827,ZIMMERMAN,Sophia,25171,Johnson,Spring Field,New Cicily
-97533327,ANDERSEN,Chad,16766,Holly,Spring Field,New Cicily
306444832,BOYLE,Joshua,7574,Cottonwood,Spring Field,New Cicily
-2146735493,COSTA,Erica,26482,Main,Spring Field,New Cicily
-1642429918,HALEY,Wayne,24798,Lincoln,Spring Field,New Cicily
-677676067,ESCOBAR,Gail,13142,Willow,Spring Field,New Cicily
2062893023,CRANE,Bryce,306,A,Spring Field,New Cicily
756839560,SHIELDS,Leroy,29605,Wilson,Spring Field,New Cicily
848674761,NEWMAN,Rhonda,17412,Eleventh,Spring Field,New Cicily
143265617,PALMER,Caroline,5676,Apache,Spring Field,New Cicily
375106667,WALTON,Victor,4264,North,Spring Field,New Cicily
943797445,BRIDGES,Tony,29653,County Line,Spring Field,New Cicily
1882938627,MORAN,Briana,29541,Maple,Spring Field,New Cicily
-1477364930,WATERS,Kenneth,179,Canyon,Spring Field,New Cicily
-2024088499,DELGADO,Max,11789,Lehua,Spring Field,New Cicily
2023808015,HAHN,Clyde,16574,Lake,Spring Field,New Cicily
708590625,FISHER,Virginia,13611,Pleasant,Spring Field,New Cicily
-1251951532,SCOTT,Jessica,12683,Main,Spring Field,New Cicily
-1608471485,BARR,Michele,24753,Birch,Spring Field,New Cicily
813552461,GONZALES,Janis,22113,S 400,Spring Field,New Cicily
151165775,WELCH,Gene,24271,Kansas,Spring Field,New Cicily
437687770,NIELSEN,Eddie,8574,Bay,Spring Field,New Cicily
1447182758,SCHULTZ,Darryl,22899,Sixth,Spring Field,New Cicily
-1312343185,ROACH,Wesley,21582,S 400,Spring Field,New Cicily
751265936,MOLINA,Howard,11990,Kahili,Spring Field,New Cicily
-1511451326,RAMIREZ,Desiree,20980,Lee,Spring Field,New Cicily
-1743383154,MONTES,Gregory,8531,Jackson,Spring Field,New Cicily
1768313702,GILMORE,Austin,16587,Hampton,Spring Field,New Cicily
-2110709724,GRIMES,Lori,10363,Ninth,Spring Field,New Cicily
-328008937,VALENZUELA,Scott,11720,Walnut,Spring Field,New Cicily
562684411,PAYNE,Veronica,29301,Thirteenth,Spring Field,New Cicily
-1476305221,HENSLEY,Sebastian,29238,Pioneer,Spring Field,New Cicily
386673536,BARAJAS,Kim,7962,Eighth,Spring Field,New Cicily
1311210687,KENT,Patrick,24301,Fifth,Spring Field,New Cicily
-583340463,MARQUEZ,Haley,23883,Redwood,Spring Field,New Cicily
-129852370,MAHONEY,Cooper,13406,West,Spring Field,New Cicily
-1819999781,MCDONALD,Erin,23100,Navajo,Spring Field,New Cicily
142078194,SANTOS,Bruce,9669,Pleasant,Spring Field,New Cicily
-1125264233,GRANT,Damian,14453,Highland,Spring Field,New Cicily
140766177,MCCULLOUGH,Diana,205,Sixth,Spring Field,New Cicily
888274610,ARROYO,Jackson,2742,Redwood,Spring Field,New Cicily
-2013113616,MONROE,Amy,11221,Ninth,Spring Field,New Cicily
2089805464,SOTO,Savannah,23183,Hemlock,Spring Field,New Cicily
692356273,BLANKENSHIP,Brittney,7376,Maple,Spring Field,New Cicily
462956437,WILKERSON,Elizabeth,4392,Pecan,Spring Field,New Cicily
242629176,DELGADO,Layla,24612,River,Spring Field,New Cicily
829031598,SHARP,Alicia,24362,Johnson,Spring Field,New Cicily
-112120310,LANDRY,Gracie,355,Lake,Spring Field,New Cicily
825256824,ROJAS,Alexis,22291,Mountain View,Spring Field,New Cicily
1400807778,ZIMMERMAN,Travis,15932,Evergreen,Spring Field,New Cicily
-2079672429,LIU,Jenna,26159,Hill,Spring Field,New Cicily
1467549244,STRICKLAND,Benjamin,8563,Hampton,Spring Field,New Cicily
71272023,TRAN,Gene,12398,Lake,Spring Field,New Cicily
-266712784,ARMSTRONG,Mario,11708,Ninth,Spring Field,New Cicily
-1579454969,WU,Frances,19118,A,Spring Field,New Cicily
1200612156,FRANKLIN,Dylan,25705,Williams,Spring Field,New Cicily
1406521146,MCKENZIE,Daniel,2213,Park,Spring Field,New Cicily
-1661056460,WATERS,Tami,3993,Aspen,Spring Field,New Cicily
413915296,MCCALL,Ralph,27182,Cottonwood,Spring Field,New Cicily
-1036566540,SHEPPARD,Darryl,4630,Pleasant,Spring Field,New Cicily
-1668424793,WALTON,Lisa,24532,Redwood,Spring Field,New Cicily
-956510091,WOODARD,Destiny,25645,Lehua,Spring Field,New Cicily
552041092,BRANCH,Victoria,28903,Canyon,Spring Field,New Cicily
-500501355,GOOD,Norman,5602,Church,Spring Field,New Cicily
2011515999,ASHLEY,Joel,7186,N 400,Spring Field,New Cicily
209266369,SAMPSON,Patricia,1047,Laurel,Spring Field,New Cicily
526626562,DELEON,Arianna,28008,Fourth,Spring Field,New Cicily
-1613372600,GARDNER,Hazel,24535,Church,Spring Field,New Cicily
-542216701,ACEVEDO,Cameron,7577,Eleventh,Spring Field,New Cicily
-1610195398,ZAVALA,Eleanor,19842,Jackson,Spring Field,New Cicily
2039156057,BREWER,Jose,10677,Pleasant,Spring Field,New Cicily
76403126,GARCIA,Linda,21411,Meadow,Spring Field,New Cicily
-1560835483,CLARKE,Albert,23765,Sixth,Spring Field,New Cicily
-499978599,YANG,Norman,2405,Sixth,Spring Field,New Cicily
40400155,THOMPSON,Adrianna,22580,Smith,Spring Field,New Cicily
1867623750,DOYLE,Brandi,4299,Sunset,Spring Field,New Cicily
-1426688236,HORN,Benjamin,11787,Delaware,Spring Field,New Cicily
-1788373221,PAUL,Marsha,16218,Magnolia,Spring Field,New Cicily
379477304,HESS,Matthew,19752,Eighth,Spring Field,New Cicily
-1641049608,MOODY,Jeffrey,29970,Hemlock,Spring Field,New Cicily
273366015,VARGAS,Devon,1941,First,Spring Field,New Cicily
2031864701,MORALES,Mark,4728,Williams,Spring Field,New Cicily
750561907,BRADFORD,Pam,1887,Park,Spring Field,New Cicily
-1426367780,SHAW,Benjamin,9162,Canyon,Spring Field,New Cicily
-1537245311,BARTON,Angela,13233,Canyon,Spring Field,New Cicily
1525787349,HENDRICKS,Evelyn,5760,Navajo,Spring Field,New Cicily
-947514186,VILLEGAS,Theresa,3593,Wood,Spring Field,New Cicily
-654402590,MCCLURE,Daryl,27791,Hemlock,Spring Field,New Cicily
146739358,GATES,Rosa,22850,Apache,Spring Field,New Cicily
391278628,HARRIS,Francisco,17546,First,Spring Field,New Cicily
-2002419113,SCHAEFER,Janis,23154,Laurel,Spring Field,New Cicily
143146805,KELLY,John,3781,S 400,Spring Field,New Cicily
736295683,LAMBERT,Jeff,15509,River,Spring Field,New Cicily
862566063,POTTER,Curtis,136,Second,Spring Field,New Cicily
-1577094697,MAYO,Francis,7942,Apache,Spring Field,New Cicily
-26421350,MELTON,Brian,5798,Birch,Spring Field,New Cicily
263172457,GREENE,Ricky,12027,Twelfth,Spring Field,New Cicily
-586430090,MONTES,Douglas,16789,Kahili,Spring Field,New Cicily
2091192969,SCOTT,Jillian,3477,Hampton,Spring Field,New Cicily
2134326695,BRUCE,Eddie,3622,Church,Spring Field,New Cicily
925324893,MCKNIGHT,Melvin,24533,Malulani,Spring Field,New Cicily
1815118463,PUGH,Darrell,2326,Twelfth,Spring Field,New Cicily
1865632484,MIRANDA,Sara,26918,Elm,Spring Field,New Cicily
-1613788857,FOLEY,Collin,15095,Maple,Spring Field,New Cicily
1557100803,MURILLO,Sheila,15967,Broadway,Spring Field,New Cicily
-1931874079,GEORGE,Kenneth,19804,Tenth,Spring Field,New Cicily
-486081931,TURNER,Bailey,23817,A,Spring Field,New Cicily
999059161,PHELPS,Valerie,28081,Park,Spring Field,New Cicily
-2052190660,PARK,Kathy,26440,Juniper,Spring Field,New Cicily
889240129,MONTGOMERY,Diana,23165,Quail,Spring Field,New Cicily
-78660471,HUFFMAN,Karen,19423,Hickory,Spring Field,New Cicily
1447461634,IRWIN,Stanley,4393,Tenth,Spring Field,New Cicily
438680114,LOZANO,Sonya,7883,Wood,Spring Field,New Cicily
-760789015,DICKERSON,Alvin,24081,Juniper,Spring Field,New Cicily
-874113337,CHAPMAN,Alice,4926,Aloha,Spring Field,New Cicily
301209709,ESCOBAR,Kimberly,13462,Kahili,Spring Field,New Cicily
-2010522819,RUSH,Louis,19432,Narragansett,Spring Field,New Cicily
-2127669829,BAUTISTA,Rodney,28083,Lake,Spring Field,New Cicily
1748717268,KAUFMAN,Alice,24069,West,Spring Field,New Cicily
1942966321,HANEY,Gordon,24830,Columbine,Spring Field,New Cicily
842210538,SINGLETON,Shirley,4170,Delaware,Spring Field,New Cicily
598105041,SANTIAGO,Natalia,8822,Cherry,Spring Field,New Cicily
478453584,BLAIR,Justin,4851,County Line,Spring Field,New Cicily
125120468,HULL,Tanner,3715,Maple,Spring Field,New Cicily
-1308061496,SAMPSON,Maurice,9197,Ridge,Spring Field,New Cicily
-1514250694,HAYS,Jocelyn,7166,Church,Spring Field,New Cicily
516462556,SANDOVAL,Leonard,16597,Sycamore,Spring Field,New Cicily
766956435,MEDINA,Curtis,5106,Magnolia,Spring Field,New Cicily
-738470128,SHEPHERD,Yolanda,5556,Smith,Spring Field,New Cicily
-1918429038,SMALL,Maria,26469,Church,Spring Field,New Cicily
-198747002,DONALDSON,Stacey,21702,Park,Spring Field,New Cicily
641474964,MCLAUGHLIN,Brad,18641,Seventh,Spring Field,New Cicily
373571297,BOOTH,Marissa,16197,Pecan,Spring Field,New Cicily
-1388257239,NEWTON,Deborah,12871,Spruce,Spring Field,New Cicily
-1431925632,PENA,Jacqueline,15153,S 400,Spring Field,New Cicily
1985932536,MAY,Becky,24185,Orchard,Spring Field,New Cicily
1927040151,BARTON,Rosemary,13649,Willow,Spring Field,New Cicily
2142153341,FIELDS,Gail,26657,Eighth,Spring Field,New Cicily
68576295,HO,Gary,23253,Pioneer,Spring Field,New Cicily
-2077395184,HUFF,Jerry,23508,Hemlock,Spring Field,New Cicily
-1747104407,MCCONNELL,Briana,5132,Aloha,Spring Field,New Cicily
-242570211,BOWERS,Savannah,16398,Sixth,Spring Field,New Cicily
692597367,VINCENT,Roberto,15658,Park,Spring Field,New Cicily
398941155,WAGNER,Grant,7388,Hillside,Spring Field,New Cicily
-1325483486,BOONE,Phillip,13205,Hemlock,Spring Field,New Cicily
2075940064,BROWN,Jillian,7074,Willow,Spring Field,New Cicily
-1675749332,BEASLEY,Glenn,9834,Kansas,Spring Field,New Cicily
149159690,MUNOZ,Noah,15657,Hillside,Spring Field,New Cicily
19732755,DORSEY,Timothy,26747,Cottonwood,Spring Field,New Cicily
-1798940771,ROGERS,Leah,2157,North,Spring Field,New Cicily
-2016383674,ODOM,Linda,11767,Second,Spring Field,New Cicily
16160748,STEVENSON,Lee,22671,Redwood,Spring Field,New Cicily
-2077184748,OWEN,Jerry,18417,Broadway,Spring Field,New Cicily
-2140046095,PARRISH,Julie,17236,Pine,Spring Field,New Cicily
-1718265954,BARTLETT,Samuel,8142,Seventh,Spring Field,New Cicily
-1995019261,SHEA,Mandy,2926,Redwood,Spring Field,New Cicily
-279848323,CONWAY,Clyde,11519,Narragansett,Spring Field,New Cicily
-30010313,MADDEN,Bruce,9661,Malulani,Spring Field,New Cicily
-100159627,WALTERS,Hannah,9615,Kukui,Spring Field,New Cicily
742235621,COOLEY,Ronnie,26723,S 400,Spring Field,New Cicily
-1468415679,BRADFORD,Ellen,12968,Sycamore,Spring Field,New Cicily
-695047942,REESE,Rebecca,17731,Eighth,Spring Field,New Cicily
-1736449978,PRATT,Sonya,29059,Magnolia,Spring Field,New Cicily
-1849866300,POWERS,Rosa,17964,Jackson,Spring Field,New Cicily
519033153,PADILLA,Deborah,8480,Fourth,Spring Field,New Cicily
-873594132,HAMMOND,Carly,8230,Dogwood,Spring Field,New Cicily
-693251329,GALLOWAY,Randall,1313,Fourth,Spring Field,New Cicily
282393376,MOONEY,Maria,14434,Birch,Spring Field,New Cicily
-1312816697,MCGUIRE,Stanley,29648,Laurel,Spring Field,New Cicily
-1713305071,JACOBS,Judith,15171,Orchard,Spring Field,New Cicily
-836934335,HARDING,Derek,16405,Aloha,Spring Field,New Cicily
84474707,JARVIS,Irene,17362,Hill,Spring Field,New Cicily
-1868001472,JOHNSTON,Kristen,14717,Redwood,Spring Field,New Cicily
1337046727,HARRELL,Eileen,19766,Birch,Spring Field,New Cicily
1415700406,MCBRIDE,Nicholas,2858,Holly,Spring Field,New Cicily
1149544315,RICHARD,Samuel,3936,Williams,Spring Field,New Cicily
-1921203040,BRYAN,Molly,28421,Seventh,Spring Field,New Cicily
-717603610,HAMPTON,Holly,86,Wood,Spring Field,New Cicily
148267658,WEEKS,Dale,14461,Meadow,Spring Field,New Cicily
-1295514041,CRAIG,Valerie,28404,Aspen,Spring Field,New Cicily
-657366088,HOOVER,Charles,23705,Lee,Spring Field,New Cicily
62664652,GUZMAN,Keith,14897,Maple,Spring Field,New Cicily
-729470251,ALLEN,Donald,9645,Palo Verde,Spring Field,New Cicily
1584215709,SHIELDS,Dakota,255,Bay,Spring Field,New Cicily
721070272,MEYERS,Reagan,21757,Lincoln,Spring Field,New Cicily
-982901819,PINEDA,Margaret,29722,Aloha,Spring Field,New Cicily
-1974626620,MCKEE,Kiara,21202,Highland,Spring Field,New Cicily
67395020,DIAZ,Cory,13207,Delaware,Spring Field,New Cicily
-1708953742,BEAN,Franklin,15299,Center,Spring Field,New Cicily
1808413744,ERICKSON,Gabrielle,5443,S 400,Spring Field,New Cicily
807975993,LEON,Angela,25440,Quail,Spring Field,New Cicily
313420223,VALDEZ,Erica,14149,Magnolia,Spring Field,New Cicily
-2073331475,HUNTER,Ryan,1697,Lincoln,Spring Field,New Cicily
1459260637,HODGES,Nathaniel,15749,Mountain View,Spring Field,New Cicily
-984348700,MATTHEWS,Jesse,22306,Spruce,Spring Field,New Cicily
1968887733,JENNINGS,Minnie,12443,Mesquite,Spring Field,New Cicily
661215095,BOWEN,Travis,10213,Cherry,Spring Field,New Cicily
1977617022,MCCARTY,Matthew,10940,Elm,Spring Field,New Cicily
-295661187,COLON,Christine,17480,Center,Spring Field,New Cicily
-1611323935,ROJAS,Wyatt,14710,S 100,Spring Field,New Cicily
692992517,BENDER,Robert,27790,Pecan,Spring Field,New Cicily
227207704,HARDING,Miranda,16246,Shore,Spring Field,New Cicily
71430964,HUBER,Kim,6376,Aloha,Spring Field,New Cicily
289881129,BLAKE,Joanne,1593,Spruce,Spring Field,New Cicily
-1685203061,WADE,Barbara,8724,Aloha,Spring Field,New Cicily
-163960396,GUERRA,Chris,25143,Third,Spring Field,New Cicily
-1526021861,PECK,Howard,15868,Cottonwood,Spring Field,New Cicily
2125776220,FRIEDMAN,Howard,15499,Columbine,Spring Field,New Cicily
2036578217,BOLTON,Joel,17837,Sycamore,Spring Field,New Cicily
2004510629,FIGUEROA,Kathleen,23788,Pecan,Spring Field,New Cicily
1387914287,BUCHANAN,James,26241,Mesquite,Spring Field,New Cicily
1904980168,FISCHER,Leonard,14007,Bay,Spring Field,New Cicily
2132816570,BRYAN,Ebony,8418,Sixth,Spring Field,New Cicily
-89707318,DELACRUZ,Barbara,4309,Pinon,Spring Field,New Cicily
-1919777808,MAYO,Cristian,23023,Walnut,Spring Field,New Cicily
-1112277689,INGRAM,Autumn,23185,Cypress,Spring Field,New Cicily
-156571,MCCALL,Craig,11931,Apache,Spring Field,New Cicily
489217613,OWEN,Veronica,15000,Park,Spring Field,New Cicily
665828737,COMBS,Trevor,16013,Fourth,Spring Field,New Cicily
-1301485640,BROWN,Johnnie,28670,Second,Spring Field,New Cicily
-165430192,DECKER,Victor,22601,Lake,Spring Field,New Cicily
-2094227396,HARRIS,Paul,10250,Fifth,Spring Field,New Cicily
-1690216260,SNYDER,Brendan,3229,Oak,Spring Field,New Cicily
1794274219,FARRELL,Harry,28464,Mesquite,Spring Field,New Cicily
-1112815877,NOBLE,Miranda,4751,Juniper,Spring Field,New Cicily
1344366274,BUCKLEY,Judith,26882,First,Spring Field,New Cicily
-1265300405,BELL,Cheyenne,20606,Pecan,Spring Field,New Cicily
135030086,BLAKE,Joel,24036,Second,Spring Field,New Cicily
-1730146893,COSTA,Manuel,29225,Cedar,Spring Field,New Cicily
-208720528,ZUNIGA,Douglas,19166,Malulani,Spring Field,New Cicily
447928698,DUDLEY,Francis,29821,Center,Spring Field,New Cicily
-1698318339,NORMAN,Evelyn,3337,Mesquite,Spring Field,New Cicily
832304844,GAINES,Robert,17424,First,Spring Field,New Cicily
209425535,SERRANO,Brandy,4460,Cedar,Spring Field,New Cicily
1554914881,BURGESS,Travis,8361,Eighth,Spring Field,New Cicily
-1850307591,RASMUSSEN,Sara,14085,Laurel,Spring Field,New Cicily
-568627383,VALENCIA,Liam,26688,Second,Spring Field,New Cicily
-1989460957,DOYLE,Karen,28095,Kansas,Spring Field,New Cicily
69469866,FRANK,Jon,6674,Spruce,Spring Field,New Cicily
558405829,ROBINSON,Thomas,6748,Hemlock,Spring Field,New Cicily
-607597891,VILLARREAL,Whitney,6683,Hampton,Spring Field,New Cicily
-1185918166,RICE,Darryl,9804,County Line,Spring Field,New Cicily
-1728246544,ARIAS,Martin,16770,Jackson,Spring Field,New Cicily
-2073802020,KEMP,Carmen,1444,Thirteenth,Spring Field,New Cicily
-493677945,SINGH,Shelby,23367,Lehua,Spring Field,New Cicily
-1685487038,MOSS,Barbara,8247,Quail,Spring Field,New Cicily
1922376462,HOFFMAN,Alexander,14062,Washington,Spring Field,New Cicily
-419432428,GLENN,Roberto,1269,Seventh,Spring Field,New Cicily
299219520,ROBERSON,Gary,20553,Meadow,Spring Field,New Cicily
1788614753,CALLAHAN,Theresa,7498,Wilson,Spring Field,New Cicily
503674409,WRIGHT,Julie,26581,Center,Spring Field,New Cicily
147445524,MOORE,Lynn,25300,Wood,Spring Field,New Cicily
144454147,LLOYD,Juan,11370,Third,Spring Field,New Cicily
-252768616,DORSEY,Louise,16632,Second,Spring Field,New Cicily
2045713111,BEAN,Devin,9189,Smith,Spring Field,New Cicily
-487609498,ROJAS,Herbert,2839,Oak,Spring Field,New Cicily
-1425587914,SANTIAGO,Rick,8141,Pecan,Spring Field,New Cicily
-1429529261,CARPENTER,Rosemary,1122,Pecan,Spring Field,New Cicily
1996199571,VANG,Eduardo,20360,River,Spring Field,New Cicily
1707445421,MOONEY,Sherry,25178,Main,Spring Field,New Cicily
1139193409,OWENS,Philip,28482,Elm,Spring Field,New Cicily
808299933,WARD,Angela,16420,Maple,Spring Field,New Cicily
-1046602480,OLIVER,Cassandra,8165,Lake,Spring Field,New Cicily
1759815547,COPELAND,Charlie,7512,Wood,Spring Field,New Cicily
1025823530,BULLOCK,Mary,5064,Pioneer,Spring Field,New Cicily
-2116528956,GIBSON,Omar,23341,Apache,Spring Field,New Cicily
-2128334377,ROBERTS,Todd,25519,Kukui,Spring Field,New Cicily
-2003723027,PATEL,Jerry,19625,Aspen,Spring Field,New Cicily
563212683,MILLER,Franklin,24518,Fourth,Spring Field,New Cicily
-1368367776,JIMENEZ,Roberto,8318,Lee,Spring Field,New Cicily
-215059227,MELTON,Briana,4466,Walnut,Spring Field,New Cicily
793479898,LINDSEY,Gabriella,22810,Palo Verde,Spring Field,New Cicily
2080360737,AVERY,Chris,23936,County Line,Spring Field,New Cicily
15323354,GENTRY,Jamie,24634,Shore,Spring Field,New Cicily
530532206,BOOKER,Jacqueline,5750,Center,Spring Field,New Cicily
-1970530112,SIMMONS,Roberta,3910,North,Spring Field,New Cicily
2042421462,WONG,Danny,22460,Sixth,Spring Field,New Cicily
-520744678,BOLTON,Briana,13704,Cottonwood,Spring Field,New Cicily
1410741959,SWANSON,Martin,4143,Elm,Spring Field,New Cicily
-2119771519,DONALDSON,Grant,17900,Washington,Spring Field,New Cicily
-1465042728,CANTRELL,Harry,6702,River,Spring Field,New Cicily
2012010114,ANTHONY,Grace,22217,Wood,Spring Field,New Cicily
-2144079153,RODGERS,Alan,21180,Wilson,Spring Field,New Cicily
-172268571,MCMAHON,Tracy,11079,Pleasant,Spring Field,New Cicily
381663884,CHRISTENSEN,Sarah,12354,Highland,Spring Field,New Cicily
-1824862290,COPELAND,Jacob,9207,Kukui,Spring Field,New Cicily
85784998,FERNANDEZ,Lee,21996,S 100,Spring Field,New Cicily
139522568,TRUJILLO,Brandy,26629,Lee,Spring Field,New Cicily
393531294,SINGH,Randall,22263,Fourth,Spring Field,New Cicily
-2022652480,SCHWARTZ,Johnathan,2530,Lehua,Spring Field,New Cicily
161282351,BARNES,Martin,7355,Holly,Spring Field,New Cicily
76754891,MILES,Rachael,19044,Aloha,Spring Field,New Cicily
-1420946233,HARRIS,Alicia,28826,Pleasant,Spring Field,New Cicily
228717458,HOOPER,Penny,8135,Narragansett,Spring Field,New Cicily
187405880,GARCIA,Peter,20157,Hillside,Spring Field,New Cicily
-615148068,MAXWELL,Vickie,11589,Washington,Spring Field,New Cicily
-767999784,JEFFERSON,Luis,19537,Mountain View,Spring Field,New Cicily
-2104015781,PEARSON,Holly,14308,Juniper,Spring Field,New Cicily
-509426476,BAIRD,Sherry,20950,Ninth,Spring Field,New Cicily
2000153657,HUNT,Brent,3235,Redwood,Spring Field,New Cicily
1936902522,LAWRENCE,Manuel,12259,Kansas,Spring Field,New Cicily
-264161130,TREVINO,Tony,6670,Dogwood,Spring Field,New Cicily
-1610428477,KEY,Michele,7041,Columbine,Spring Field,New Cicily
1337194504,BARRON,Dustin,1116,Sixth,Spring Field,New Cicily
-312947273,CALHOUN,Frances,24822,Pioneer,Spring Field,New Cicily
-697736047,FRITZ,Sandra,15986,West,Spring Field,New Cicily
1923131241,ANDERSON,Ethan,2979,Pinon,Spring Field,New Cicily
67500631,HART,Cole,25011,Dogwood,Spring Field,New Cicily
2021380839,AUSTIN,Ryan,9780,Malulani,Spring Field,New Cicily
-2083328507,WU,Jared,17766,Ninth,Spring Field,New Cicily
-2138464585,KEMP,Haley,1433,Wood,Spring Field,New Cicily
-2060011673,GILES,Holly,13180,Pecan,Spring Field,New Cicily
1160240459,BARTON,Donald,7784,Hemlock,Spring Field,New Cicily
-1753348032,HARRINGTON,Jorge,9081,Church,Spring Field,New Cicily
2081723553,CURTIS,Vera,21101,Johnson,Spring Field,New Cicily
1881982225,CASTANEDA,Gabriel,10743,Fourth,Spring Field,New Cicily
343157459,MELTON,Hayden,10224,Tenth,Spring Field,New Cicily
-135345157,STEIN,Stuart,25831,Washington,Spring Field,New Cicily
75199854,CHANEY,Paula,27390,Pine,Spring Field,New Cicily
-701021930,COMBS,Samuel,16614,Pioneer,Spring Field,New Cicily
797596834,WOODWARD,Jean,5320,Quail,Spring Field,New Cicily
-42770584,DORSEY,Julia,9494,Eighth,Spring Field,New Cicily
-834931387,TORRES,Stephanie,22860,Lakeview,Spring Field,New Cicily
1462628241,SIMS,Trenton,11355,Aloha,Spring Field,New Cicily
-1263629079,DUNLAP,Audrey,1687,Sunset,Spring Field,New Cicily
1502715227,ROSS,Vincent,13694,Evergreen,Spring Field,New Cicily
2098809140,SHORT,Louise,9707,Sixth,Spring Field,New Cicily
241088672,BARRON,Franklin,25909,Holly,Spring Field,New Cicily
1462083267,STRICKLAND,Jacqueline,3950,Oak,Spring Field,New Cicily
203622553,BLANCHARD,Jill,17559,Delaware,Spring Field,New Cicily
137505312,HOUSE,Gary,1518,Cherry,Spring Field,New Cicily
-1800486339,RITTER,Paul,11426,Third,Spring Field,New Cicily
-1624269438,MCKENZIE,Jose,484,Highland,Spring Field,New Cicily
-491260435,SALAS,Shelley,16218,Tenth,Spring Field,New Cicily
2084368406,MASON,Carla,18375,Pleasant,Spring Field,New Cicily
-2048334623,WEST,Kerri,11125,Eighth,Spring Field,New Cicily
1030074162,FERGUSON,Anna,11120,Holly,Spring Field,New Cicily
1595686757,BENSON,Christine,12923,Maple,Spring Field,New Cicily
-1885086983,PECK,Cheryl,8047,Oak,Spring Field,New Cicily
-1444492990,BRADLEY,Bobby,11315,S 100,Spring Field,New Cicily
1235304847,OCONNELL,Nathaniel,24177,Kansas,Spring Field,New Cicily
623947076,MONTOYA,Jessica,14062,Sunset,Spring Field,New Cicily
-1485410252,WRIGHT,Teresa,2606,Thirteenth,Spring Field,New Cicily
1798083261,GUTIERREZ,Steven,11868,Maple,Spring Field,New Cicily
166494773,FLOYD,Cassidy,4574,Elm,Spring Field,New Cicily
-1647981007,SALINAS,Cole,11875,Kukui,Spring Field,New Cicily
-2077530703,HODGES,Troy,7618,Eighth,Spring Field,New Cicily
1789716845,BARTON,Janice,29458,Mountain View,Spring Field,New Cicily
-1500939803,LEONARD,Jillian,16398,Center,Spring Field,New Cicily
-1747422522,THOMAS,Lucy,12686,Lehua,Spring Field,New Cicily
-109906791,MELENDEZ,Cynthia,3777,Kahili,Spring Field,New Cicily
1739368928,WILKINSON,Alicia,601,Fourth,Spring Field,New Cicily
928087978,BRIDGES,Cody,1523,Lakeview,Spring Field,New Cicily
1358037696,ROSARIO,Earnest,14932,Willow,Spring Field,New Cicily
902970384,MCCALL,Virginia,25053,Pleasant,Spring Field,New Cicily
1966799644,SHAW,Alvin,22276,West,Spring Field,New Cicily
-493796156,PHELPS,Bennie,26294,Redwood,Spring Field,New Cicily
885323975,KLINE,Tyrone,22975,Wilson,Spring Field,New Cicily
-1059501119,HANCOCK,Bryson,119,West,Spring Field,New Cicily
-1974414695,CARPENTER,Shelley,22888,Redwood,Spring Field,New Cicily
-2116867430,ROWLAND,Kurt,3560,Hampton,Spring Field,New Cicily
-1994381350,PERRY,Jorge,23448,Williams,Spring Field,New Cicily
1915890973,ANDERSEN,Theodore,12045,Lehua,Spring Field,New Cicily
1417498454,HARTMAN,Ray,22574,Third,Spring Field,New Cicily
587019517,BLACKBURN,Clayton,3049,West,Spring Field,New Cicily
1169787053,SPEARS,Willie,6328,Kansas,Spring Field,New Cicily
1997795183,RIVERS,Anthony,28381,Mountain View,Spring Field,New Cicily
139422259,DRAKE,Mary,15405,Smith,Spring Field,New Cicily
1501111131,MEZA,Abigail,14968,Ninth,Spring Field,New Cicily
1339908681,ROWLAND,Samuel,8473,Lehua,Spring Field,New Cicily
-223212213,MCCLURE,Scott,3364,Redwood,Spring Field,New Cicily
830672789,DOYLE,Alyssa,3517,River,Spring Field,New Cicily
-1376908121,SPENCER,Sydney,15373,Fifth,Spring Field,New Cicily
-1107980542,HAMMOND,Glenda,29319,Mesquite,Spring Field,New Cicily
-1490282693,GILL,Ricardo,23343,Malulani,Spring Field,New Cicily
1674254250,BUCHANAN,Tanya,18299,Highland,Spring Field,New Cicily
-1704619132,BARKER,Raymond,25285,Broadway,Spring Field,New Cicily
-54557098,POWERS,Gordon,20584,Bay,Spring Field,New Cicily
-559340301,ALVARADO,Pamela,1989,Sixth,Spring Field,New Cicily
1105626948,GRIFFITH,Roy,29077,Johnson,Spring Field,New Cicily
2024751341,MCMAHON,Justin,18147,Quail,Spring Field,New Cicily
779878188,CAMACHO,Roberto,1864,Park,Spring Field,New Cicily
-487897141,FUENTES,Nicole,18424,Spruce,Spring Field,New Cicily
-2138261943,MOSES,Tiffany,17101,Hemlock,Spring Field,New Cicily
-1846881968,PROCTOR,Daisy,8071,Hillside,Spring Field,New Cicily
604150195,VANG,Trevor,24357,Pleasant,Spring Field,New Cicily
-682005041,HENDERSON,Penny,11173,Cottonwood,Spring Field,New Cicily
984160524,IRWIN,Cassandra,4308,Pine,Spring Field,New Cicily
-1416743041,HINTON,Alexis,590,Spruce,Spring Field,New Cicily
-399058072,GORDON,Constance,57,Kansas,Spring Field,New Cicily
-1604863552,WOODWARD,Allen,15449,Broadway,Spring Field,New Cicily
20497086,MCNEIL,Diane,24415,Meadow,Spring Field,New Cicily
-1906807890,MADDEN,Tamara,27064,Sixth,Spring Field,New Cicily
-1885209536,LARA,Cheryl,11928,Aloha,Spring Field,New Cicily
411419703,MERRITT,Rodney,27799,Ninth,Spring Field,New Cicily
270260502,RICHARDSON,Tony,21762,Willow,Spring Field,New Cicily
945221409,SNYDER,Warren,1249,Kahili,Spring Field,New Cicily
1574625761,FRIEDMAN,Jerry,22389,Main,Spring Field,New Cicily
1369738981,JEFFERSON,Janet,12252,Fourth,Spring Field,New Cicily
-2068995652,JENKINS,Lawrence,6012,Oak,Spring Field,New Cicily
1305466493,BARNES,Sergio,2437,Mountain View,Spring Field,New Cicily
1320911497,CABRERA,Alex,8365,Dogwood,Spring Field,New Cicily
1438043223,BLEVINS,Alicia,24365,Sycamore,Spring Field,New Cicily
720307234,ODONNELL,Jesse,24940,Palo Verde,Spring Field,New Cicily
996776405,GOODWIN,John,16287,Fifth,Spring Field,New Cicily
-230633146,MACK,Stacey,4219,Wilson,Spring Field,New Cicily
1900234235,JACOBSON,Julia,27619,Lee,Spring Field,New Cicily
-389637973,GORDON,Priscilla,2218,Highland,Spring Field,New Cicily
-991891606,ROBLES,Delaney,11232,Sixth,Spring Field,New Cicily
-2004502392,KAISER,Tony,25382,Washington,Spring Field,New Cicily
-1942459616,MULLEN,Erin,24359,Jackson,Spring Field,New Cicily
830917318,KRAMER,Monica,13438,Park,Spring Field,New Cicily
196258906,ROCHA,Alexander,5312,S 100,Spring Field,New Cicily
1593853349,HERRERA,Brad,2560,County Line,Spring Field,New Cicily
791038572,FROST,Frederick,8329,Hemlock,Spring Field,New Cicily
115744561,PARKER,Duane,429,Tenth,Spring Field,New Cicily
-1608403165,DUNN,Micheal,7259,Columbine,Spring Field,New Cicily
821745958,POWELL,Regina,28563,Aloha,Spring Field,New Cicily
-2131316246,PRICE,Savannah,5984,Kukui,Spring Field,New Cicily
1653007564,PRESTON,Lindsay,27458,Laurel,Spring Field,New Cicily
708060543,MOSLEY,Miguel,24758,Ninth,Spring Field,New Cicily
-115552798,LI,Terrence,10546,Columbine,Spring Field,New Cicily
1105540215,NEWMAN,Dalton,5768,Fourth,Spring Field,New Cicily
1659719340,FLEMING,Bobbie,9114,Johnson,Spring Field,New Cicily
-2021816658,SANDOVAL,Norman,13231,Cherry,Spring Field,New Cicily
-2098056907,PRESTON,Priscilla,18447,Hickory,Spring Field,New Cicily
-2111570904,GRAVES,Kyle,15958,Dogwood,Spring Field,New Cicily
762494521,WARNER,Martin,28900,Highland,Spring Field,New Cicily
-127898147,WERNER,Chelsey,17946,Sixth,Spring Field,New Cicily
847100003,STANLEY,Craig,25387,Pinon,Spring Field,New Cicily
1159593686,POLLARD,Kendra,10957,Highland,Spring Field,New Cicily
-2045479269,GILMORE,Abigail,11438,Park,Spring Field,New Cicily
-86388216,AGUIRRE,Jordan,6650,Pine,Spring Field,New Cicily
-143862787,FOLEY,Edward,4833,Eighth,Spring Field,New Cicily
728768901,CONTRERAS,Rachel,5747,Fourth,Spring Field,New Cicily
1674798565,MCCLURE,Marc,17473,Second,Spring Field,New Cicily
-1562535098,CARROLL,Trenton,9409,Pioneer,Spring Field,New Cicily
80339559,RIGGS,Leo,8645,Bay,Spring Field,New Cicily
-1791050720,LIN,Mariah,4781,Lake,Spring Field,New Cicily
805582750,LAMB,Andrew,9446,S 400,Spring Field,New Cicily
-2029680431,CONNER,Gregory,28251,Eleventh,Spring Field,New Cicily
-1006492426,KEITH,Denise,25643,Aspen,Spring Field,New Cicily
-1812525451,STANTON,Alexandria,24809,Hampton,Spring Field,New Cicily
1815294340,FERNANDEZ,Leslie,1293,West,Spring Field,New Cicily
-1012506105,DOWNS,Dennis,5576,Malulani,Spring Field,New Cicily
2075432289,BANKS,Jillian,12878,Kahili,Spring Field,New Cicily
842414251,SHERMAN,Harold,7978,Aspen,Spring Field,New Cicily
1180441666,HAYS,Theresa,25408,Hill,Spring Field,New Cicily
147251013,GILES,Ryan,19142,Redwood,Spring Field,New Cicily
-1615405346,KEITH,Meghan,12527,Main,Spring Field,New Cicily
1414402025,LARSEN,Courtney,19274,Washington,Spring Field,New Cicily
-144360837,MASON,Cynthia,1704,Pleasant,Spring Field,New Cicily
4978152,COLLINS,Rachel,12942,Center,Spring Field,New Cicily
981919097,HESS,Stephanie,23085,A,Spring Field,New Cicily
76329829,SOTO,Luis,22634,Kukui,Spring Field,New Cicily
-1870689311,PALMER,Jill,28605,Lakeview,Spring Field,New Cicily
-1964621077,GROSS,Kylie,6034,Hill,Spring Field,New Cicily
180981884,ACEVEDO,Raymond,25495,Smith,Spring Field,New Cicily
-2076931335,WEBB,Jesus,9376,Hillside,Spring Field,New Cicily
586418251,SANTANA,Maria,12460,Highland,Spring Field,New Cicily
916736118,ROSS,Cassandra,4226,Magnolia,Spring Field,New Cicily
-1804093326,RIDDLE,Lucy,24544,Kahili,Spring Field,New Cicily
1919653341,TUCKER,Herbert,19127,Broadway,Spring Field,New Cicily
769214294,WILSON,Marcus,18005,Twelfth,Spring Field,New Cicily
-183426271,BUTLER,Grace,24791,Hampton,Spring Field,New Cicily
172564299,COFFEY,Crystal,6415,Airport,Spring Field,New Cicily
-740639314,SINGLETON,Kylee,1050,Kansas,Spring Field,New Cicily
1531726813,HERRING,Jon,7419,Wilson,Spring Field,New Cicily
1502526970,LEVY,Vincent,28518,North,Spring Field,New Cicily
65886428,ORR,Dawn,2663,Third,Spring Field,New Cicily
-2099318311,MULLINS,Jane,3375,Palo Verde,Spring Field,New Cicily
1178173682,LANG,Kathryn,2319,Hemlock,Spring Field,New Cicily
715047925,PADILLA,Andrea,14842,Twelfth,Spring Field,New Cicily
1280328794,WASHINGTON,Roger,27018,Broadway,Spring Field,New Cicily
-1221946940,DAVILA,Philip,29287,Main,Spring Field,New Cicily
237016090,PITTMAN,Troy,4373,Evergreen,Spring Field,New Cicily
-339698261,CLAYTON,Patty,19261,Park,Spring Field,New Cicily
-2052031666,WOLF,Karen,12040,Delaware,Spring Field,New Cicily
-147066209,CONLEY,Harry,19599,Cottonwood,Spring Field,New Cicily
-1971461217,FERNANDEZ,Kaleb,29276,Cottonwood,Spring Field,New Cicily
-1936707349,MULLEN,Kyle,27185,Pleasant,Spring Field,New Cicily
2030681763,BRANCH,Anna,26508,Center,Spring Field,New Cicily
2044735531,ADAMS,Barry,25142,Delaware,Spring Field,New Cicily
-287012460,DAVIES,Bryce,13385,Aloha,Spring Field,New Cicily
-1962579515,BOWEN,Laura,6409,Oak,Spring Field,New Cicily
-1699528277,MATTHEWS,Vincent,14269,Narragansett,Spring Field,New Cicily
-2037389204,HOLDER,Clifford,18396,Walnut,Spring Field,New Cicily
-1792381197,CRUZ,Manuel,9106,Jackson,Spring Field,New Cicily
1405064473,ONEILL,Phyllis,23735,Kansas,Spring Field,New Cicily
-261983421,FORBES,Clarence,17729,Tenth,Spring Field,New Cicily
736259378,WALTERS,William,3587,Pioneer,Spring Field,New Cicily
1788251066,BIRD,Gloria,23250,Dogwood,Spring Field,New Cicily
1338656198,HOLLOWAY,Philip,8323,Pioneer,Spring Field,New Cicily
202865259,HODGES,Harold,9710,Hickory,Spring Field,New Cicily
707526510,JORDAN,Richard,15991,Orchard,Spring Field,New Cicily
-412264974,RICHARD,April,21610,Airport,Spring Field,New Cicily
1013122956,GUZMAN,William,27218,Kansas,Spring Field,New Cicily
1574148743,CLAYTON,Lee,24917,Center,Spring Field,New Cicily
1026115255,REEVES,Mikayla,21548,Magnolia,Spring Field,New Cicily
-1324043673,DYER,Suzanne,28570,Walnut,Spring Field,New Cicily
744856790,WATSON,Steve,5827,Bay,Spring Field,New Cicily
-1817244760,PARK,Shawn,27836,S 100,Spring Field,New Cicily
-1335569421,GRIFFIN,Aaron,23520,Eighth,Spring Field,New Cicily
-1920385105,COHEN,Molly,17709,Canyon,Spring Field,New Cicily
2025183173,KAUFMAN,Kathy,22290,Sunset,Spring Field,New Cicily
-1308047761,BUCKLEY,Derek,25251,Airport,Spring Field,New Cicily
-1606340382,SCHWARTZ,Wendy,28034,Eighth,Spring Field,New Cicily
-2051176997,LE,Kelly,12414,Hampton,Spring Field,New Cicily
-227180078,GIBSON,Angel,3484,Palo Verde,Spring Field,New Cicily
1314798123,MACDONALD,Todd,2937,Lincoln,Spring Field,New Cicily
143113639,BUSH,Mallory,21480,Columbine,Spring Field,New Cicily
480149189,RICHARDSON,Oliver,12359,River,Spring Field,New Cicily
-609503283,GATES,Nathaniel,18580,Palo Verde,Spring Field,New Cicily
-1879342843,ONEILL,Sean,6923,Ninth,Spring Field,New Cicily
-420985833,EVANS,Roberta,23045,Malulani,Spring Field,New Cicily
1445763157,DODSON,Sharon,16343,Columbine,Spring Field,New Cicily
2076174614,FISHER,Eva,13037,Third,Spring Field,New Cicily
273884579,DUKE,Gregory,17155,Columbine,Spring Field,New Cicily
-1477609555,MCLAUGHLIN,Katie,27072,Hickory,Spring Field,New Cicily
-265660843,BLACKWELL,Madison,9406,Kansas,Spring Field,New Cicily
-1558352545,WEST,Mackenzie,6345,Quail,Spring Field,New Cicily
-2136575974,GALVAN,Alan,28403,River,Spring Field,New Cicily
820085762,PONCE,Albert,13237,Lakeview,Spring Field,New Cicily
4497525,GILL,Jim,11306,Thirteenth,Spring Field,New Cicily
287567177,HUGHES,Randy,6204,Lakeview,Spring Field,New Cicily
993233660,SMITH,Cassandra,25843,S 400,Spring Field,New Cicily
411616565,FARRELL,Amanda,26594,Aspen,Spring Field,New Cicily
-770361470,KEMP,Rebekah,675,Jackson,Spring Field,New Cicily
-1105894315,WASHINGTON,Ella,11688,Malulani,Spring Field,New Cicily
-1151313663,OSBORN,Andrew,10759,Lehua,Spring Field,New Cicily
146726519,LOGAN,Mary,28728,Sixth,Spring Field,New Cicily
-698424956,DELACRUZ,Bruce,5687,Magnolia,Spring Field,New Cicily
609677575,OWEN,Deborah,13459,Cedar,Spring Field,New Cicily
390945657,POTTS,Randall,22932,Delaware,Spring Field,New Cicily
2006539988,SWANSON,Dakota,2579,Eighth,Spring Field,New Cicily
-195214614,AUSTIN,Heidi,3093,Main,Spring Field,New Cicily
-927926482,BRIDGES,Marvin,23411,Navajo,Spring Field,New Cicily
1087077564,FERNANDEZ,Audrey,26703,Eleventh,Spring Field,New Cicily
1499639474,FUENTES,Jonathan,9225,Airport,Spring Field,New Cicily
-807747491,PHELPS,Angelica,25790,Kansas,Spring Field,New Cicily
1965852025,HILL,Alana,8326,Hillside,Spring Field,New Cicily
-261439321,COOPER,David,12995,Hickory,Spring Field,New Cicily
194453220,MILLER,Jenna,2243,Meadow,Spring Field,New Cicily
-2079559167,ALI,Jerry,18597,Orchard,Spring Field,New Cicily
1780490063,PARKER,Sherry,5281,Ridge,Spring Field,New Cicily
1891957231,WHITE,Briana,13217,Kansas,Spring Field,New Cicily
140392976,ESTES,Marc,12767,Main,Spring Field,New Cicily
-2068570415,LANE,Joann,11124,Redwood,Spring Field,New Cicily
870243048,FLOYD,Andrew,12250,Thirteenth,Spring Field,New Cicily
-315904336,CAMPOS,Bryan,18509,Ninth,Spring Field,New Cicily
-1656673814,PARKS,Francisco,6221,Twelfth,Spring Field,New Cicily
-2008129522,ONEAL,James,22109,Kukui,Spring Field,New Cicily
75958501,WISE,Leah,11666,Hickory,Spring Field,New Cicily
-1954837143,MCCALL,Joel,3436,Church,Spring Field,New Cicily
1441208787,HANSON,Shannon,19999,Williams,Spring Field,New Cicily
245613935,WARE,Joseph,3061,Main,Spring Field,New Cicily
109456888,INGRAM,Karen,12091,Pecan,Spring Field,New Cicily
1876271820,SOLIS,Priscilla,22678,Main,Spring Field,New Cicily
-1280583689,MACIAS,Alfred,28278,Dogwood,Spring Field,New Cicily
1550172199,MAHONEY,Ann,18502,Aloha,Spring Field,New Cicily
-1950238968,WELLS,Kylee,4715,N 400,Spring Field,New Cicily
-1662550939,WILLIS,Juan,11054,Spruce,Spring Field,New Cicily
-1968401992,WOODS,Kelli,1552,Ridge,Spring Field,New Cicily
-1633281240,NIXON,Wendy,987,Jackson,Spring Field,New Cicily
130196146,BATES,Erin,18804,Hemlock,Spring Field,New Cicily
-2059320739,HARDY,Holly,2843,Hampton,Spring Field,New Cicily
540960025,OBRIEN,Tonya,1678,Maple,Spring Field,New Cicily
1481749318,HICKS,Jennifer,18667,Aloha,Spring Field,New Cicily
-1662152345,WHITEHEAD,Vincent,26130,Pioneer,Spring Field,New Cicily
-1679001640,MCINTOSH,Dawn,14059,Church,Spring Field,New Cicily
-1839389087,KING,Roger,6952,Dogwood,Spring Field,New Cicily
1872129683,YU,Allison,6596,First,Spring Field,New Cicily
-160327491,BEAN,Janice,22462,Quail,Spring Field,New Cicily
-1391638009,MOON,Monica,32,Hampton,Spring Field,New Cicily
-1363760098,CHRISTENSEN,Frederick,4718,Sixth,Spring Field,New Cicily
-1722857890,KLINE,Manuel,14151,Fifth,Spring Field,New Cicily
447137478,MONTES,Hector,27917,Lakeview,Spring Field,New Cicily
-1919290756,ROCHA,Mario,2368,Thirteenth,Spring Field,New Cicily
1604998428,HOOD,Catherine,1402,Pecan,Spring Field,New Cicily
71472894,HORNE,Rex,20593,Maple,Spring Field,New Cicily
155117568,BAXTER,Tanya,9391,Fifth,Spring Field,New Cicily
-1780872922,SEXTON,Jean,4112,Hemlock,Spring Field,New Cicily
2117909547,KENNEDY,Joyce,17060,Tenth,Spring Field,New Cicily
555276835,ZAMORA,Jaden,19835,Eighth,Spring Field,New Cicily
-1462024812,DUARTE,Angela,13366,Hillside,Spring Field,New Cicily
-2054296017,WOODS,Helen,18893,Main,Spring Field,New Cicily
-25374746,PERRY,Gabrielle,7476,Wood,Spring Field,New Cicily
-2001410389,WALLS,Jacob,26277,Meadow,Spring Field,New Cicily
488809627,BASS,Veronica,1065,Dogwood,Spring Field,New Cicily
255929545,VALDEZ,Craig,3664,Kansas,Spring Field,New Cicily
-1628209665,WYATT,Wanda,15862,Orchard,Spring Field,New Cicily
758021444,BRENNAN,Gabrielle,29470,Jackson,Spring Field,New Cicily
-93606818,WILKINS,Glenn,2050,Ridge,Spring Field,New Cicily
158649863,SLOAN,Sara,20079,First,Spring Field,New Cicily
1066142205,TATE,Philip,8538,Palo Verde,Spring Field,New Cicily
-1945258315,MENDEZ,Rose,8742,Palo Verde,Spring Field,New Cicily
-1358914850,HARRISON,Colin,806,Fifth,Spring Field,New Cicily
1049614607,FORD,Kimberly,13035,Kukui,Spring Field,New Cicily
1056409313,CAMERON,Edward,20033,Redwood,Spring Field,New Cicily
1065733073,STOKES,Wesley,23589,Pioneer,Spring Field,New Cicily
-532022962,HOBBS,Dominique,25333,Fourth,Spring Field,New Cicily
-935258087,MANNING,Brenda,25995,Airport,Spring Field,New Cicily
-1734217298,BAKER,Tammy,13292,S 400,Spring Field,New Cicily
-614973047,ADAMS,Nathaniel,15755,North,Spring Field,New Cicily
-7935526,RUSSO,Brittany,14977,Hickory,Spring Field,New Cicily
1059054826,WILKERSON,Lisa,8587,Quail,Spring Field,New Cicily
-709506378,PITTS,Nevaeh,28559,Kukui,Spring Field,New Cicily
-2011476797,STEPHENS,Joel,24167,Hill,Spring Field,New Cicily
63459986,BOOTH,Jo,9926,Lake,Spring Field,New Cicily
-1115441104,ORTEGA,Kendra,5879,Hemlock,Spring Field,New Cicily
-90856795,ANDERSON,Jodi,6691,Williams,Spring Field,New Cicily
-554074151,MULLINS,Chester,29233,North,Spring Field,New Cicily
-2038532770,JENSEN,Joel,19512,Dogwood,Spring Field,New Cicily
614288979,PENNINGTON,Randy,27850,Navajo,Spring Field,New Cicily
145514833,HENRY,Paul,14583,Church,Spring Field,New Cicily
-899471799,LEVY,Nathan,24083,Maple,Spring Field,New Cicily
-1905286736,RIOS,Peter,1419,Main,Spring Field,New Cicily
4286718,HALE,Bob,15156,Broadway,Spring Field,New Cicily
-215042644,PAGE,Cynthia,6635,Dogwood,Spring Field,New Cicily
-1797999009,RIVERA,Ruth,28947,Pine,Spring Field,New Cicily
-1677613253,ENGLISH,Donald,25379,Walnut,Spring Field,New Cicily
588140152,ZAMORA,Kevin,4737,Cypress,Spring Field,New Cicily
4653860,RYAN,Dan,10622,Twelfth,Spring Field,New Cicily
2055844830,PATEL,Beverly,4043,Williams,Spring Field,New Cicily
1364423899,JOHNSTON,Carol,14886,Birch,Spring Field,New Cicily
927003369,NICHOLS,Vicki,19197,Orchard,Spring Field,New Cicily
1557041051,BLACK,Stephen,21564,Eighth,Spring Field,New Cicily
-1265139025,FOWLER,Ashton,15603,Shore,Spring Field,New Cicily
2000562004,BYRD,Bryan,14300,Johnson,Spring Field,New Cicily
-534097249,WATERS,Krista,18796,Magnolia,Spring Field,New Cicily
-1845472608,EVANS,Paige,15181,Navajo,Spring Field,New Cicily
-2077912982,AVILA,Harry,2821,Pioneer,Spring Field,New Cicily
1876673125,HESS,Gordon,7713,West,Spring Field,New Cicily
1787629890,WAGNER,Samuel,28295,Kahili,Spring Field,New Cicily
-1614132149,JOSEPH,Veronica,19395,Church,Spring Field,New Cicily
312698329,REID,Marissa,8627,Ninth,Spring Field,New Cicily
514785118,PETERS,Robin,20658,Hillside,Spring Field,New Cicily
-1017892143,ROSARIO,Kathryn,4358,Wood,Spring Field,New Cicily
856834849,HATFIELD,Gabrielle,1864,Oak,Spring Field,New Cicily
1259826591,OCHOA,Katrina,20279,Lake,Spring Field,New Cicily
2051123311,HANNA,Barry,5147,Laurel,Spring Field,New Cicily
2014485572,HO,Cecil,17780,Dogwood,Spring Field,New Cicily
240467739,STEPHENSON,Alyssa,8520,Lake,Spring Field,New Cicily
806141723,ALLEN,Albert,908,Main,Spring Field,New Cicily
2116153106,BROCK,Donna,11688,Laurel,Spring Field,New Cicily
147657243,HANEY,Rose,19272,Redwood,Spring Field,New Cicily
1906762587,CONLEY,Sydney,10672,A,Spring Field,New Cicily
181417629,FREEMAN,Erin,17421,Pioneer,Spring Field,New Cicily
501227642,SULLIVAN,Vincent,12954,North,Spring Field,New Cicily
845285551,MOYER,Amanda,25501,Mountain View,Spring Field,New Cicily
-1208543280,NAVARRO,Raymond,2152,Canyon,Spring Field,New Cicily
235586492,ROTH,Johnny,28927,Shore,Spring Field,New Cicily
65450161,BEAN,Anna,16988,Lakeview,Spring Field,New Cicily
392775770,FREDERICK,Hannah,13370,Williams,Spring Field,New Cicily
1251360149,MARKS,Theresa,14257,Cypress,Spring Field,New Cicily
-1817552422,OWEN,Mckenzie,15562,Ridge,Spring Field,New Cicily
-1950513364,BAIRD,Logan,23005,Pecan,Spring Field,New Cicily
-390716838,OSBORNE,Jack,569,Orchard,Spring Field,New Cicily
-264728403,CLARKE,Daryl,9159,Broadway,Spring Field,New Cicily
-232916293,LIN,Stacey,21179,Canyon,Spring Field,New Cicily
638566247,SHELTON,Heidi,29488,S 100,Spring Field,New Cicily
1415425690,FERNANDEZ,Pauline,4608,Center,Spring Field,New Cicily
1990444109,WHITNEY,Jeremy,10506,S 400,Spring Field,New Cicily
-1647067439,CLARK,Wanda,23019,Lee,Spring Field,New Cicily
724134350,SCHULTZ,Patty,15457,Birch,Spring Field,New Cicily
120319526,HAAS,Alexander,22511,Hill,Spring Field,New Cicily
601316378,OLIVER,Vicky,8331,Hillside,Spring Field,New Cicily
1259709502,VINCENT,Seth,3890,Mesquite,Spring Field,New Cicily
370629434,FRENCH,Wanda,1366,Lehua,Spring Field,New Cicily
-1315951665,LYNCH,Phillip,17384,Hemlock,Spring Field,New Cicily
-368622310,CHARLES,Sarah,18720,County Line,Spring Field,New Cicily
-520309214,MATA,Elizabeth,27341,Magnolia,Spring Field,New Cicily
